Year, Month,  Highest, meanHighHighWater, meanHighWater, meanSeaLevel, MTL, meanLowWater, meanLowLowWater, DTL, GT, MN, DHQ, DLQ, HWI, LWI, Lowest, Inferred 
1928,9,0.918,,0.000,-0.137,-0.137,-0.274,,,,0.274,,,10.040,4.080,-0.637,0
1928,10,0.369,,-0.097,-0.231,-0.234,-0.375,,,,0.277,,,10.050,4.030,-0.759,0
1928,11,0.278,,-0.262,-0.393,-0.399,-0.533,,,,0.271,,,10.060,3.990,-1.094,0
1928,12,0.064,,-0.262,-0.387,-0.390,-0.518,,,,0.256,,,10.170,4.070,-0.789,0
1929,1,0.217,,-0.402,-0.524,-0.527,-0.655,,,,0.253,,,10.340,4.090,-1.307,0
1929,2,0.095,,-0.228,-0.350,-0.353,-0.478,,,,0.250,,,10.180,4.200,-1.002,0
1929,3,0.156,,-0.216,-0.335,-0.341,-0.466,,,,0.250,,,10.290,3.970,-1.155,0
1929,4,0.247,,-0.076,-0.204,-0.210,-0.344,,,,0.268,,,10.190,4.070,-0.789,0
1929,5,0.308,,-0.137,-0.259,-0.268,-0.399,,,,0.262,,,10.250,4.020,-0.880,0
1929,6,0.247,,-0.045,-0.173,-0.182,-0.320,,,,0.274,,,10.210,3.970,-0.637,0
1929,7,0.278,,-0.091,-0.222,-0.228,-0.368,,,,0.277,,,10.130,4.040,-0.606,0
1929,8,0.247,,-0.070,-0.192,-0.204,-0.338,,,,0.268,,,10.070,4.130,-0.728,0
1929,9,0.247,,-0.033,-0.155,-0.164,-0.295,,,,0.262,,,10.080,4.170,-0.789,0
1929,10,0.979,,-0.094,-0.210,-0.222,-0.350,,,,0.256,,,10.150,4.200,-0.667,0
1929,11,0.156,,-0.146,-0.268,-0.271,-0.399,,,,0.253,,,10.100,4.120,-0.880,0
1929,12,0.217,,-0.265,-0.375,-0.381,-0.496,,,,0.232,,,10.080,4.060,-0.911,0
1930,1,0.217,,-0.243,-0.362,-0.368,-0.493,,,,0.250,,,10.370,3.980,-0.880,0
1930,2,0.156,,-0.192,-0.314,-0.314,-0.439,,,,0.247,,,10.130,4.100,-0.972,0
1930,3,0.369,,-0.210,-0.332,-0.338,-0.466,,,,0.256,,,10.240,4.110,-0.972,0
1930,4,0.186,,-0.201,-0.314,-0.314,-0.426,,,,0.226,,,10.080,4.080,-0.880,0
1930,5,0.186,,-0.176,-0.301,-0.301,-0.426,,,,0.250,,,10.070,3.940,-0.698,0
1930,6,0.156,,-0.122,-0.243,-0.256,-0.390,,,,0.268,,,10.160,4.020,-0.606,0
1930,7,0.186,,-0.100,-0.219,-0.228,-0.356,,,,0.256,,,10.050,3.910,-0.606,0
1930,8,0.400,,-0.042,-0.164,-0.167,-0.289,,,,0.247,,,10.120,4.050,-0.637,0
1930,9,0.125,,-0.058,-0.179,-0.182,-0.307,,,,0.250,,,9.890,4.050,-0.576,0
1930,10,0.308,,-0.058,-0.170,-0.173,-0.289,,,,0.232,,,9.980,4.080,-0.850,0
1930,11,0.217,,-0.259,-0.371,-0.375,-0.493,,,,0.235,,,10.080,4.030,-0.972,0
1930,12,0.156,,-0.277,-0.393,-0.399,-0.521,,,,0.244,,,10.280,4.000,-1.155,0
1931,1,0.064,,-0.289,-0.408,-0.414,-0.539,,,,0.250,,,10.120,4.070,-0.941,0
1931,2,-0.027,,-0.280,-0.399,-0.405,-0.527,,,,0.247,,,10.030,3.940,-1.033,0
1931,3,0.278,,-0.143,-0.256,-0.262,-0.381,,,,0.238,,,9.770,3.840,-0.941,0
1931,4,0.308,,-0.179,-0.298,-0.301,-0.423,,,,0.244,,,9.940,3.920,-0.972,0
1931,5,0.186,,-0.094,-0.216,-0.222,-0.350,,,,0.256,,,10.060,4.000,-0.667,0
1931,6,0.217,,-0.061,-0.182,-0.192,-0.323,,,,0.262,,,10.020,3.990,-0.606,0
1931,7,0.217,,-0.027,-0.149,-0.155,-0.280,,,,0.253,,,10.220,4.020,-0.515,0
1931,8,0.308,,-0.054,-0.179,-0.186,-0.320,,,,0.265,,,10.280,4.250,-0.606,0
1931,9,0.217,,-0.058,-0.173,-0.176,-0.295,,,,0.238,,,10.240,4.230,-0.576,0
1931,10,0.247,,-0.073,-0.201,-0.198,-0.326,,,,0.253,,,10.160,3.980,-0.759,0
1931,11,0.095,,-0.164,-0.289,-0.292,-0.420,,,,0.256,,,9.990,4.120,-0.911,0
1931,12,0.125,,-0.277,-0.387,-0.396,-0.515,,,,0.238,,,10.220,3.850,-1.155,0
1932,1,0.461,,-0.118,-0.231,-0.243,-0.368,,,,0.250,,,10.000,4.020,-0.759,0
1932,2,0.217,,-0.125,-0.256,-0.259,-0.390,,,,0.265,,,10.190,3.910,-1.063,0
1932,3,0.308,,-0.280,-0.399,-0.402,-0.524,,,,0.244,,,9.970,3.880,-1.155,0
1932,4,0.156,,-0.167,-0.292,-0.289,-0.414,,,,0.247,,,10.140,3.920,-0.820,0
1932,5,0.247,,-0.125,-0.243,-0.253,-0.378,,,,0.253,,,10.300,4.100,-0.698,0
1932,6,0.217,,-0.070,-0.192,-0.198,-0.326,,,,0.256,,,10.140,4.070,-0.576,0
1932,7,0.186,,-0.082,-0.216,-0.216,-0.347,,,,0.265,,,10.150,4.400,-0.698,0
1932,8,0.247,,-0.054,-0.176,-0.179,-0.307,,,,0.253,,,10.170,4.520,-0.576,0
1932,9,0.522,,0.006,-0.118,-0.125,-0.256,,,,0.262,,,10.220,4.380,-0.698,0
1932,10,0.369,,-0.082,-0.201,-0.204,-0.326,,,,0.244,,,9.980,3.880,-0.820,0
1932,11,0.644,,-0.070,-0.198,-0.198,-0.329,,,,0.259,,,10.210,4.040,-1.063,0
1932,12,0.308,,-0.158,-0.283,-0.283,-0.411,,,,0.253,,,9.870,4.260,-0.911,0
1933,1,0.613,,-0.140,-0.265,-0.268,-0.396,,,,0.256,,,10.220,4.040,-0.972,0
1933,2,0.156,,-0.289,-0.402,-0.405,-0.524,,,,0.235,,,9.970,4.350,-1.033,0
1933,3,0.247,,-0.231,-0.350,-0.350,-0.472,,,,0.241,,,10.140,4.160,-1.185,0
1933,4,0.308,,-0.021,-0.149,-0.155,-0.289,,,,0.268,,,10.110,4.020,-0.820,0
1933,5,0.308,,-0.021,-0.149,-0.155,-0.289,,,,0.268,,,10.070,4.010,-0.606,0
1933,6,0.217,,-0.021,-0.149,-0.158,-0.295,,,,0.274,,,10.150,4.130,-0.667,0
1933,7,0.339,,0.052,-0.091,-0.094,-0.237,,,,0.290,,,10.120,4.150,-0.515,0
1933,8,1.649,,0.061,-0.045,-0.082,-0.222,,,,0.283,,,10.150,4.170,-0.576,0
1933,9,0.461,,0.055,-0.070,-0.070,-0.198,,,,0.253,,,10.230,4.140,-0.515,0
1933,10,0.430,,-0.003,-0.131,-0.137,-0.271,,,,0.268,,,10.300,4.260,-0.637,0
1933,11,0.278,,-0.176,-0.298,-0.307,-0.439,,,,0.262,,,10.050,4.020,-0.911,0
1933,12,0.461,,-0.195,-0.320,-0.326,-0.460,,,,0.265,,,10.440,4.010,-1.094,0
1934,1,0.125,,-0.234,-0.359,-0.362,-0.487,,,,0.253,,,10.260,4.070,-1.094,0
1934,2,0.217,,-0.353,-0.478,-0.475,-0.597,,,,0.244,,,10.450,4.370,-1.033,0
1934,3,0.186,,-0.253,-0.365,-0.371,-0.490,,,,0.238,,,10.100,4.240,-0.911,0
1934,4,0.247,,-0.082,-0.204,-0.210,-0.338,,,,0.256,,,10.200,3.910,-0.911,0
1934,5,0.278,,-0.100,-0.228,-0.234,-0.368,,,,0.268,,,10.000,4.030,-0.698,0
1934,6,0.644,,0.006,-0.131,-0.137,-0.277,,,,0.283,,,10.210,4.020,-0.545,0
1934,7,0.217,,-0.009,-0.140,-0.143,-0.274,,,,0.265,,,10.230,4.250,-0.637,0
1934,8,0.186,,-0.039,-0.161,-0.167,-0.295,,,,0.256,,,10.420,4.280,-0.576,0
1934,9,0.491,,0.043,-0.073,-0.079,-0.201,,,,0.244,,,10.300,4.250,-0.545,0
1934,10,0.339,,-0.085,-0.201,-0.204,-0.326,,,,0.241,,,10.060,4.040,-0.789,0
1934,11,0.217,,-0.186,-0.298,-0.307,-0.426,,,,0.241,,,10.140,4.040,-0.972,0
1934,12,0.278,,-0.240,-0.350,-0.356,-0.472,,,,0.232,,,10.410,4.380,-0.789,0
1935,1,0.308,,-0.234,-0.359,-0.362,-0.490,,,,0.256,,,10.280,4.170,-1.124,0
1935,2,0.034,,-0.271,-0.387,-0.396,-0.524,,,,0.253,,,10.650,4.290,-1.094,0
1935,3,0.064,,-0.170,-0.298,-0.301,-0.432,,,,0.262,,,10.110,3.900,-1.002,0
1935,4,0.339,,-0.082,-0.204,-0.213,-0.344,,,,0.262,,,10.240,3.940,-0.820,0
1935,5,0.156,,-0.097,-0.225,-0.231,-0.365,,,,0.268,,,10.290,4.080,-0.606,0
1935,6,0.339,,-0.012,-0.143,-0.149,-0.286,,,,0.274,,,10.300,4.100,-0.515,0
1935,7,0.339,,-0.018,-0.152,-0.155,-0.292,,,,0.274,,,10.340,4.200,-0.515,0
1935,8,0.308,,0.028,-0.112,-0.115,-0.256,,,,0.283,,,10.310,3.890,-0.545,0
1935,9,0.278,,0.031,-0.097,-0.103,-0.237,,,,0.268,,,10.350,4.060,-0.576,0
1935,10,0.339,,-0.036,-0.158,-0.164,-0.295,,,,0.259,,,10.250,4.030,-0.789,0
1935,11,0.400,,-0.015,-0.137,-0.140,-0.265,,,,0.250,,,10.160,3.880,-0.850,0
1935,12,0.308,,-0.231,-0.350,-0.353,-0.475,,,,0.244,,,10.150,4.100,-1.002,0
1936,1,0.247,,-0.240,-0.365,-0.371,-0.503,,,,0.262,,,10.240,4.090,-1.063,0
1936,2,0.247,,-0.186,-0.311,-0.317,-0.448,,,,0.262,,,10.330,4.310,-0.850,0
1936,3,0.522,,-0.018,-0.146,-0.149,-0.280,,,,0.262,,,10.240,4.100,-0.545,0
1936,4,0.400,,-0.109,-0.250,-0.253,-0.399,,,,0.290,,,10.290,4.100,-0.759,0
1936,5,0.339,,-0.094,-0.228,-0.234,-0.375,,,,0.280,,,10.170,4.050,-0.850,0
1936,6,0.552,,-0.003,-0.140,-0.143,-0.286,,,,0.283,,,10.170,4.160,-0.515,0
1936,7,0.247,,0.006,-0.125,-0.131,-0.265,,,,0.271,,,10.020,4.240,-0.576,0
1936,8,0.369,,-0.021,-0.161,-0.161,-0.301,,,,0.280,,,10.240,4.210,-0.576,0
1936,9,0.339,,0.028,-0.134,-0.118,-0.265,,,,0.293,,,10.120,4.310,-1.307,0
1936,10,0.522,,0.006,-0.131,-0.137,-0.283,,,,0.290,,,10.090,4.120,-0.820,0
1936,11,0.186,,-0.216,-0.329,-0.347,-0.481,,,,0.265,,,10.090,4.080,-1.185,6
1936,12,0.339,,-0.186,-0.311,-0.317,-0.448,,,,0.262,,,9.990,4.050,-0.911,0
1937,1,0.278,,-0.085,-0.210,-0.213,-0.341,,,,0.256,,,9.960,3.970,-0.637,0
1937,2,0.552,,-0.097,-0.237,-0.234,-0.375,,,,0.277,,,10.240,4.030,-1.063,0
1937,3,0.156,,-0.219,-0.353,-0.359,-0.499,,,,0.280,,,10.250,3.990,-0.789,0
1938,1,0.674,,-0.085,-0.222,-0.222,-0.362,,,,0.277,,,10.160,4.140,-0.820,0
1938,2,0.247,,-0.134,-0.256,-0.268,-0.402,,,,0.268,,,10.140,4.130,-1.094,0
1938,3,0.339,,-0.076,-0.207,-0.207,-0.338,,,,0.262,,,10.390,4.190,-0.759,0
1938,4,0.247,,-0.064,-0.204,-0.210,-0.359,,,,0.296,,,10.140,4.080,-0.941,0
1938,5,0.400,,-0.006,-0.152,-0.158,-0.311,,,,0.305,,,10.200,4.050,-0.606,0
1938,6,0.278,,-0.018,-0.149,-0.158,-0.298,,,,0.280,,,10.160,4.160,-0.637,0
1938,7,0.186,,-0.006,-0.149,-0.155,-0.304,,,,0.299,,,10.290,4.250,-0.454,0
1938,8,0.369,,-0.015,-0.158,-0.161,-0.307,,,,0.293,,,10.270,4.220,-0.545,0
1938,9,0.247,,-0.009,-0.152,-0.155,-0.301,,,,0.293,,,,,-0.759,0
1938,10,0.247,,0.010,-0.122,-0.125,-0.259,,,,0.268,,,,,-0.850,5
1938,11,0.308,,-0.067,-0.201,-0.207,-0.347,,,,0.280,,,,,-0.789,5
1938,12,0.278,,-0.152,-0.280,-0.283,-0.414,,,,0.262,,,10.120,4.110,-0.820,0
1939,1,0.186,,-0.167,-0.301,-0.304,-0.445,,,,0.277,,,10.070,4.080,-1.033,0
1939,2,0.430,,-0.134,-0.268,-0.274,-0.411,,,,0.277,,,10.150,4.160,-0.728,0
1939,3,0.308,,-0.067,-0.207,-0.207,-0.350,,,,0.283,,,10.070,4.050,-0.789,0
1939,4,0.339,,-0.064,-0.204,-0.210,-0.356,,,,0.293,,,10.200,4.100,-0.911,0
1939,5,0.339,,0.006,-0.134,-0.143,-0.292,,,,0.299,,,10.210,4.200,-0.606,0
1939,6,0.339,,0.040,-0.106,-0.112,-0.265,,,,0.305,,,10.160,4.210,-0.515,0
1939,7,0.278,,0.013,-0.118,-0.128,-0.268,,,,0.280,,,10.090,4.140,-0.545,0
1939,8,0.461,,0.019,-0.115,-0.122,-0.265,,,,0.283,,,10.190,4.340,-0.667,0
1939,9,0.430,,0.089,-0.042,-0.048,-0.186,,,,0.274,,,10.040,4.150,-0.637,0
1939,10,0.217,,-0.048,-0.170,-0.176,-0.307,,,,0.259,,,10.220,4.020,-0.728,0
1939,11,0.278,,-0.112,-0.237,-0.240,-0.368,,,,0.256,,,10.130,3.960,-0.667,0
1939,12,0.217,,-0.195,-0.329,-0.332,-0.469,,,,0.274,,,10.140,4.080,-1.033,0
1940,1,0.430,,-0.250,-0.378,-0.378,-0.509,,,,0.259,,,10.170,4.160,-0.941,0
1940,2,0.461,,-0.088,-0.228,-0.234,-0.378,,,,0.290,,,10.470,4.200,-1.216,0
1940,3,0.339,,-0.115,-0.250,-0.256,-0.396,,,,0.280,,,10.130,4.110,-0.972,0
1940,4,0.278,,-0.073,-0.195,-0.204,-0.335,,,,0.262,,,10.680,4.340,-0.850,0
1940,5,0.491,,0.058,-0.079,-0.085,-0.225,,,,0.283,,,10.430,4.230,-0.545,0
1940,6,0.339,,0.037,-0.103,-0.112,-0.262,,,,0.299,,,10.490,4.200,-0.545,0
1940,7,0.247,,-0.009,-0.146,-0.152,-0.298,,,,0.290,,,10.500,4.370,-0.576,0
1940,8,0.369,,0.107,-0.030,-0.033,-0.173,,,,0.280,,,10.330,4.150,-0.454,0
1940,9,0.308,,0.028,-0.103,-0.109,-0.250,,,,0.277,,,10.360,4.080,-0.972,0
1940,10,0.278,,0.013,-0.115,-0.128,-0.265,,,,0.277,,,10.220,4.130,-0.667,0
1940,11,0.308,,-0.103,-0.228,-0.234,-0.365,,,,0.262,,,10.280,4.140,-0.728,0
1940,12,0.461,,-0.082,-0.210,-0.213,-0.347,,,,0.265,,,10.360,4.050,-0.759,0
1941,1,0.308,,-0.125,-0.250,-0.256,-0.387,,,,0.262,,,10.320,4.200,-0.880,0
1941,2,0.186,,-0.259,-0.387,-0.387,-0.518,,,,0.259,,,10.320,4.200,-0.941,0
1941,3,0.186,,-0.246,-0.371,-0.378,-0.509,,,,0.262,,,10.410,4.010,-1.155,0
1941,4,0.369,,-0.021,-0.152,-0.161,-0.301,,,,0.280,,,10.200,3.950,-0.759,0
1941,5,0.186,,-0.085,-0.219,-0.228,-0.368,,,,0.283,,,10.220,4.080,-0.789,0
1941,6,0.400,,0.025,-0.100,-0.112,-0.253,,,,0.277,,,10.130,4.080,-0.515,0
1941,7,0.400,,0.034,-0.100,-0.106,-0.246,,,,0.280,,,10.130,4.080,-0.515,0
1941,8,0.247,,-0.021,-0.152,-0.155,-0.292,,,,0.271,,,10.280,4.130,-0.606,0
1941,9,0.461,,-0.003,-0.128,-0.137,-0.274,,,,0.271,,,10.260,4.110,-0.667,0
1941,10,0.247,,-0.058,-0.182,-0.186,-0.317,,,,0.259,,,10.360,4.020,-0.667,0
1941,11,0.339,,-0.115,-0.237,-0.243,-0.371,,,,0.256,,,,,-0.698,5
1941,12,0.400,,-0.170,-0.298,-0.298,-0.426,,,,0.256,,,10.220,3.890,-0.880,0
1942,1,0.491,,-0.182,-0.304,-0.314,-0.445,,,,0.262,,,10.100,4.010,-0.850,0
1942,2,0.278,,-0.246,-0.365,-0.368,-0.487,,,,0.241,,,9.950,4.040,-1.033,0
1942,3,0.461,,-0.082,-0.204,-0.210,-0.338,,,,0.256,,,10.180,3.880,-0.728,0
1942,4,0.308,,-0.051,-0.182,-0.189,-0.326,,,,0.274,,,10.070,3.860,-0.576,0
1942,5,0.491,,0.025,-0.115,-0.122,-0.268,,,,0.293,,,10.220,4.130,-0.545,0
1942,6,0.308,,0.061,-0.079,-0.085,-0.231,,,,0.293,,,10.260,4.050,-0.576,0
1942,7,0.430,,0.028,-0.115,-0.125,-0.274,,,,0.302,,,10.120,4.040,-0.515,0
1942,8,0.644,,0.058,-0.082,-0.085,-0.228,,,,0.287,,,10.130,4.140,-0.545,0
1942,9,0.583,,0.089,-0.045,-0.051,-0.195,,,,0.283,,,10.240,4.190,-0.698,0
1942,10,0.430,,0.101,-0.024,-0.027,-0.158,,,,0.259,,,10.210,4.140,-0.484,0
1942,11,0.400,,-0.054,-0.189,-0.192,-0.326,,,,0.271,,,9.970,3.970,-0.880,0
1942,12,0.491,,-0.164,-0.289,-0.295,-0.426,,,,0.262,,,10.190,4.170,-0.972,0
1943,1,0.125,,-0.152,-0.286,-0.289,-0.426,,,,0.274,,,10.240,4.230,-1.033,0
1943,2,0.308,,-0.164,-0.301,-0.307,-0.448,,,,0.283,,,10.050,4.150,-1.124,0
1943,3,0.186,,-0.149,-0.280,-0.286,-0.423,,,,0.274,,,10.450,4.280,-0.728,0
1943,4,0.339,,-0.097,-0.234,-0.240,-0.384,,,,0.287,,,10.300,4.150,-0.941,0
1943,5,0.308,,-0.045,-0.176,-0.186,-0.329,,,,0.283,,,10.350,4.030,-0.850,0
1943,6,0.308,,0.034,-0.109,-0.118,-0.271,,,,0.305,,,10.530,4.180,-0.637,0
1943,7,0.339,,0.031,-0.106,-0.112,-0.256,,,,0.287,,,10.410,4.080,-0.454,0
1943,8,0.400,,0.055,-0.079,-0.088,-0.228,,,,0.283,,,10.480,4.210,-0.484,0
1943,9,0.308,,0.006,-0.122,-0.125,-0.259,,,,0.265,,,10.350,4.270,-0.637,0
1943,10,0.491,,0.016,-0.122,-0.128,-0.271,,,,0.287,,,10.330,4.090,-1.002,0
1943,11,0.400,,-0.097,-0.219,-0.225,-0.353,,,,0.256,,,10.290,4.170,-0.759,0
1943,12,0.095,,-0.243,-0.371,-0.375,-0.509,,,,0.265,,,10.480,4.340,-1.002,0
1944,1,0.217,,-0.192,-0.317,-0.326,-0.460,,,,0.268,,,10.300,4.060,-0.728,0
1944,2,0.095,,-0.192,-0.323,-0.326,-0.463,,,,0.271,,,10.440,4.210,-0.850,0
1944,3,0.278,,-0.103,-0.228,-0.234,-0.362,,,,0.259,,,10.260,3.960,-0.789,0
1944,4,0.217,,-0.067,-0.201,-0.204,-0.344,,,,0.277,,,10.190,4.010,-0.698,0
1944,5,0.369,,0.013,-0.118,-0.125,-0.262,,,,0.274,,,10.550,4.120,-0.484,0
1944,6,0.491,,0.052,-0.088,-0.094,-0.243,,,,0.296,,,10.390,4.150,-0.667,0
1944,7,0.369,,0.055,-0.079,-0.088,-0.228,,,,0.283,,,10.410,4.160,-0.484,0
1944,8,0.461,,0.028,-0.109,-0.112,-0.250,,,,0.277,,,10.320,4.260,-0.576,0
1944,9,0.247,,0.034,-0.112,-0.106,-0.250,,,,0.283,,,10.190,4.250,-0.637,0
1944,10,0.369,,-0.006,-0.137,-0.143,-0.280,,,,0.274,,,10.360,4.200,-0.820,0
1944,11,0.339,,-0.012,-0.137,-0.143,-0.274,,,,0.262,,,10.390,4.130,-0.820,0
1944,12,0.369,,-0.240,-0.368,-0.368,-0.496,,,,0.256,,,10.330,4.160,-1.063,0
1945,1,0.278,,-0.207,-0.329,-0.332,-0.457,,,,0.250,,,10.310,4.120,-1.185,0
1945,2,0.217,,-0.186,-0.307,-0.314,-0.445,,,,0.259,,,10.540,4.120,-1.124,0
1945,3,0.217,,-0.042,-0.173,-0.176,-0.311,,,,0.268,,,10.490,4.030,-0.637,0
1945,4,0.369,,-0.027,-0.161,-0.167,-0.304,,,,0.277,,,10.530,4.020,-0.637,0
1945,5,0.430,,0.055,-0.073,-0.079,-0.213,,,,0.268,,,10.620,4.030,-0.698,0
1945,6,0.400,,0.055,-0.079,-0.088,-0.228,,,,0.283,,,10.520,4.180,-0.393,0
1945,7,0.369,,0.101,-0.039,-0.045,-0.189,,,,0.290,,,10.380,4.260,-0.454,0
1945,8,0.308,,0.067,-0.067,-0.076,-0.219,,,,0.287,,,10.370,4.430,-0.454,0
1945,9,0.796,,0.135,0.006,-0.003,-0.137,,,,0.271,,,10.650,4.150,-0.454,0
1945,10,0.491,,0.052,-0.079,-0.082,-0.213,,,,0.265,,,10.350,4.350,-0.606,0
1945,11,0.369,,0.043,-0.079,-0.088,-0.222,,,,0.265,,,10.350,4.560,-0.728,0
1946,10,0.552,,0.083,-0.045,-0.051,-0.182,,,,0.265,,,10.430,4.010,-0.637,0
1946,11,0.491,,-0.009,-0.131,-0.137,-0.268,,,,0.259,,,10.180,4.070,-0.667,0
1946,12,0.247,,-0.143,-0.277,-0.277,-0.408,,,,0.265,,,10.210,4.030,-1.246,0
1947,1,0.369,,-0.115,-0.243,-0.243,-0.371,,,,0.256,,,10.180,4.180,-1.033,0
1947,2,0.186,,-0.256,-0.381,-0.384,-0.515,,,,0.259,,,10.470,4.350,-1.002,0
1947,3,0.247,,-0.155,-0.283,-0.286,-0.417,,,,0.262,,,10.060,3.700,-0.972,0
1947,4,0.369,,-0.018,-0.146,-0.152,-0.283,,,,0.265,,,10.320,3.970,-0.698,0
1947,5,0.400,,0.003,-0.125,-0.131,-0.265,,,,0.268,,,10.570,4.320,-0.606,0
1947,6,0.491,,0.113,-0.015,-0.024,-0.161,,,,0.274,,,10.530,4.360,-0.515,0
1947,7,0.308,,0.049,-0.082,-0.085,-0.222,,,,0.271,,,10.510,4.340,-0.484,0
1947,8,0.278,,0.092,-0.039,-0.045,-0.182,,,,0.274,,,10.520,4.190,-0.423,0
1947,9,0.552,,0.095,-0.033,-0.039,-0.173,,,,0.268,,,10.420,4.270,-0.637,0
1947,10,0.278,,0.031,-0.097,-0.103,-0.240,,,,0.271,,,10.490,4.200,-0.637,0
1947,11,0.704,,0.098,-0.024,-0.030,-0.158,,,,0.256,,,10.100,4.040,-0.667,0
1947,12,0.186,,-0.189,-0.314,-0.317,-0.445,,,,0.256,,,10.400,4.070,-0.820,0
1948,1,0.308,,-0.231,-0.350,-0.356,-0.478,,,,0.247,,,10.360,4.280,-0.850,0
1948,2,0.156,,-0.118,-0.246,-0.246,-0.378,,,,0.259,,,10.470,4.250,-0.789,0
1948,3,0.369,,-0.024,-0.155,-0.158,-0.292,,,,0.268,,,10.360,4.190,-0.820,0
1948,4,0.369,,-0.030,-0.152,-0.161,-0.295,,,,0.265,,,10.340,4.320,-0.728,0
1948,5,0.552,,0.058,-0.076,-0.079,-0.216,,,,0.274,,,10.330,4.010,-0.545,0
1948,6,0.308,,0.074,-0.058,-0.061,-0.195,,,,0.268,,,10.270,4.090,-0.484,0
1948,7,0.308,,0.074,-0.058,-0.064,-0.198,,,,0.271,,,10.480,4.370,-0.454,0
1948,8,0.339,,0.028,-0.100,-0.106,-0.240,,,,0.268,,,10.460,4.400,-0.484,0
1948,9,0.369,,0.083,-0.042,-0.045,-0.173,,,,0.256,,,10.360,4.350,-0.515,0
1948,10,0.552,,0.061,-0.064,-0.070,-0.204,,,,0.265,,,10.440,4.460,-0.637,0
1948,11,0.369,,0.037,-0.091,-0.097,-0.231,,,,0.268,,,10.390,4.300,-0.637,0
1948,12,0.400,,-0.018,-0.146,-0.149,-0.283,,,,0.265,,,10.390,4.320,-1.155,0
1949,1,0.400,,-0.054,-0.176,-0.179,-0.307,,,,0.253,,,10.400,4.360,-0.667,0
1949,2,0.400,,-0.054,-0.179,-0.182,-0.311,,,,0.256,,,10.310,4.200,-0.698,0
1949,3,0.400,,-0.170,-0.292,-0.301,-0.429,,,,0.259,,,10.600,4.310,-0.972,0
1949,4,0.491,,-0.039,-0.167,-0.173,-0.307,,,,0.268,,,10.490,4.270,-0.789,0
1949,5,0.522,,0.028,-0.091,-0.103,-0.234,,,,0.262,,,10.240,4.090,-0.515,0
1949,6,0.400,,0.074,-0.048,-0.058,-0.192,,,,0.265,,,10.420,4.160,-0.454,0
1949,7,0.400,,0.058,-0.076,-0.076,-0.210,,,,0.268,,,10.640,4.240,-0.454,0
1949,8,0.461,,0.080,-0.051,-0.058,-0.192,,,,0.271,,,10.520,4.320,-0.454,0
1949,9,0.430,,0.016,-0.109,-0.112,-0.243,,,,0.259,,,10.310,4.400,-0.545,0
1949,10,0.430,,0.061,-0.061,-0.070,-0.198,,,,0.259,,,10.400,4.190,-0.515,0
1949,11,0.400,,-0.082,-0.204,-0.210,-0.338,,,,0.256,,,10.400,4.030,-0.880,0
1949,12,0.217,,-0.210,-0.332,-0.332,-0.457,,,,0.247,,,10.530,4.090,-0.911,0
1950,1,0.186,,-0.167,-0.286,-0.289,-0.414,,,,0.247,,,10.200,4.170,-0.789,0
1950,2,0.339,,-0.143,-0.268,-0.271,-0.399,,,,0.256,,,10.330,3.830,-1.033,0
1950,3,0.247,,-0.259,-0.384,-0.390,-0.521,,,,0.262,,,10.150,4.280,-1.002,0
1950,4,0.217,,-0.103,-0.228,-0.234,-0.365,,,,0.262,,,10.300,4.110,-0.880,0
1950,5,0.247,,-0.027,-0.158,-0.167,-0.307,,,,0.280,,,10.510,4.120,-0.728,0
1950,6,0.278,,-0.036,-0.170,-0.176,-0.317,,,,0.280,,,10.580,4.140,-0.576,0
1950,7,0.278,,-0.015,-0.146,-0.152,-0.289,,,,0.274,,,10.360,4.260,-0.576,0
1950,8,0.308,,0.034,-0.100,-0.103,-0.240,,,,0.274,,,10.440,4.120,-0.515,0
1950,9,0.613,,0.083,-0.039,-0.045,-0.170,,,,0.253,,,10.320,3.990,-0.393,0
1950,10,0.369,,0.058,-0.064,-0.067,-0.192,,,,0.250,,,10.230,4.160,-0.545,0
1950,11,0.979,,0.022,-0.094,-0.100,-0.222,,,,0.244,,,10.210,4.270,-0.880,0
1950,12,0.430,,-0.067,-0.189,-0.192,-0.320,,,,0.253,,,10.250,4.320,-0.941,0
1951,1,0.308,,-0.143,-0.271,-0.274,-0.405,,,,0.262,,,10.450,4.200,-0.941,0
1951,2,0.308,,-0.125,-0.256,-0.259,-0.390,,,,0.265,,,10.390,4.160,-0.911,0
1951,3,0.796,,0.046,-0.085,-0.088,-0.222,,,,0.268,,,10.190,4.120,-0.789,0
1951,4,0.308,,0.000,-0.128,-0.137,-0.271,,,,0.271,,,10.290,4.280,-0.728,0
1951,5,0.400,,0.025,-0.103,-0.112,-0.246,,,,0.271,,,10.360,3.980,-0.667,0
1951,6,0.674,,0.138,0.013,0.003,-0.131,,,,0.268,,,10.270,4.190,-0.423,0
1951,7,0.278,,0.040,-0.088,-0.094,-0.228,,,,0.268,,,10.370,4.180,-0.667,0
1951,8,0.369,,0.080,-0.054,-0.058,-0.195,,,,0.274,,,10.240,4.070,-0.454,0
1951,9,0.369,,0.077,-0.048,-0.054,-0.182,,,,0.259,,,10.180,4.190,-0.576,0
1951,10,0.430,,0.074,-0.051,-0.058,-0.189,,,,0.262,,,10.100,4.110,-0.576,0
1951,11,0.735,,-0.094,-0.216,-0.222,-0.350,,,,0.256,,,10.240,3.950,-0.789,0
1951,12,0.278,,-0.134,-0.265,-0.268,-0.405,,,,0.271,,,10.030,3.980,-1.063,0
1952,1,0.461,,-0.112,-0.246,-0.246,-0.378,,,,0.265,,,10.240,4.110,-1.033,0
1952,2,0.369,,-0.070,-0.195,-0.204,-0.335,,,,0.265,,,10.350,4.000,-0.667,0
1952,3,0.674,,-0.033,-0.161,-0.161,-0.292,,,,0.259,,,10.240,3.900,-0.941,0
1952,4,0.430,,-0.006,-0.137,-0.143,-0.277,,,,0.271,,,10.390,4.140,-0.698,0
1952,5,0.522,,0.067,-0.061,-0.070,-0.204,,,,0.271,,,10.180,4.080,-0.484,0
1952,6,0.247,,0.022,-0.109,-0.112,-0.250,,,,0.271,,,10.340,4.100,-0.576,0
1952,7,0.400,,0.019,-0.112,-0.118,-0.256,,,,0.274,,,10.290,4.050,-0.545,0
1952,8,0.339,,0.043,-0.091,-0.094,-0.231,,,,0.274,,,10.260,4.300,-0.515,0
1952,9,0.826,,0.110,-0.027,-0.027,-0.164,,,,0.274,,,10.250,4.260,-0.484,0
1952,10,0.308,,-0.039,-0.170,-0.173,-0.304,,,,0.265,,,10.370,4.170,-0.911,0
1952,11,0.735,,0.006,-0.112,-0.118,-0.243,,,,0.250,,,10.230,4.110,-0.637,0
1952,12,0.491,,-0.006,-0.131,-0.131,-0.259,,,,0.253,,,10.210,4.140,-0.911,0
1953,1,0.613,,0.003,-0.122,-0.125,-0.256,,,,0.259,,,10.250,4.100,-0.820,0
1953,2,0.217,,-0.134,-0.259,-0.262,-0.390,,,,0.256,,,10.310,4.030,-0.880,0
1953,3,0.308,,-0.051,-0.179,-0.179,-0.311,,,,0.259,,,10.250,4.200,-0.820,0
1953,4,0.491,,-0.009,-0.140,-0.143,-0.280,,,,0.271,,,10.230,4.120,-0.667,0
1953,5,0.461,,0.092,-0.042,-0.045,-0.186,,,,0.277,,,10.360,4.180,-0.545,0
1953,6,0.491,,0.077,-0.051,-0.064,-0.204,,,,0.280,,,10.290,4.090,-0.515,0
1953,7,0.491,,0.064,-0.073,-0.079,-0.222,,,,0.287,,,10.200,4.220,-0.454,0
1953,8,0.400,,0.092,-0.039,-0.051,-0.192,,,,0.283,,,10.190,4.140,-0.698,0
1953,9,0.400,,0.092,-0.036,-0.039,-0.167,,,,0.259,,,10.030,4.180,-0.454,0
1953,10,0.583,,0.086,-0.045,-0.045,-0.179,,,,0.265,,,10.100,4.230,-0.545,0
1953,11,0.278,,-0.018,-0.146,-0.152,-0.286,,,,0.268,,,10.230,4.030,-1.063,0
1953,12,0.400,,-0.161,-0.280,-0.286,-0.411,,,,0.250,,,10.240,4.040,-0.941,0
1954,1,0.308,,-0.149,-0.274,-0.277,-0.402,,,,0.253,,,10.240,4.160,-0.850,0
1954,2,0.308,,-0.082,-0.204,-0.210,-0.338,,,,0.256,,,10.170,3.790,-0.789,0
1954,3,0.613,,-0.094,-0.225,-0.225,-0.356,,,,0.262,,,10.210,3.880,-1.033,0
1954,4,0.461,,-0.006,-0.134,-0.143,-0.280,,,,0.274,,,10.200,4.100,-0.698,0
1954,5,0.430,,0.064,-0.067,-0.076,-0.216,,,,0.280,,,10.070,4.080,-0.515,0
1954,6,0.400,,0.080,-0.058,-0.067,-0.213,,,,0.293,,,10.220,4.110,-0.576,0
1954,7,0.278,,0.055,-0.082,-0.088,-0.231,,,,0.287,,,10.120,4.200,-0.515,0
1954,8,0.247,,0.006,-0.125,-0.128,-0.262,,,,0.268,,,10.260,4.300,-0.576,0
1954,9,0.400,,0.077,-0.051,-0.058,-0.189,,,,0.265,,,10.280,4.120,-0.515,0
1954,10,1.223,,0.052,-0.091,-0.088,-0.228,,,,0.280,,,9.950,3.920,-0.911,0
1954,11,0.278,,-0.051,-0.179,-0.179,-0.307,,,,0.256,,,10.140,4.060,-0.850,0
1954,12,0.186,,-0.201,-0.320,-0.326,-0.451,,,,0.250,,,10.200,3.930,-0.850,0
1955,1,0.339,,-0.103,-0.231,-0.234,-0.362,,,,0.259,,,10.080,4.180,-0.880,0
1955,2,0.308,,-0.155,-0.283,-0.286,-0.417,,,,0.262,,,10.240,4.030,-1.002,0
1955,3,0.339,,-0.125,-0.250,-0.256,-0.387,,,,0.262,,,10.090,3.900,-1.033,0
1955,4,0.339,,0.037,-0.094,-0.100,-0.240,,,,0.277,,,10.310,4.070,-0.637,0
1955,5,0.400,,0.022,-0.115,-0.122,-0.265,,,,0.287,,,10.150,4.140,-0.515,0
1955,6,0.491,,0.052,-0.085,-0.088,-0.228,,,,0.280,,,10.230,4.100,-0.606,0
1955,7,0.247,,0.043,-0.091,-0.094,-0.231,,,,0.274,,,10.260,4.180,-0.454,0
1955,8,1.284,,0.192,0.052,0.052,-0.091,,,,0.283,,,10.240,4.250,-0.454,0
1955,9,0.339,,0.095,-0.036,-0.039,-0.173,,,,0.268,,,10.120,4.020,-0.423,0
1955,10,0.552,,0.131,0.000,-0.003,-0.140,,,,0.271,,,10.030,3.980,-0.667,0
1955,11,0.430,,-0.030,-0.161,-0.161,-0.295,,,,0.265,,,9.990,3.990,-1.002,0
1955,12,0.156,,-0.186,-0.311,-0.320,-0.454,,,,0.268,,,10.150,4.050,-1.002,0
1956,1,0.461,,-0.103,-0.231,-0.234,-0.365,,,,0.262,,,10.050,4.080,-1.063,0
1956,2,0.308,,-0.125,-0.259,-0.259,-0.396,,,,0.271,,,10.260,4.060,-0.789,0
1956,3,0.369,,-0.051,-0.179,-0.186,-0.320,,,,0.268,,,10.160,4.100,-0.698,0
1956,4,0.644,,0.025,-0.109,-0.115,-0.256,,,,0.280,,,10.170,4.030,-0.759,0
1956,5,0.339,,0.040,-0.097,-0.100,-0.240,,,,0.280,,,10.200,4.110,-0.576,0
1956,6,0.400,,0.077,-0.061,-0.067,-0.210,,,,0.287,,,10.250,3.920,-0.454,0
1956,7,0.430,,0.074,-0.061,-0.067,-0.207,,,,0.280,,,10.230,3.940,-0.454,0
1956,8,0.461,,0.138,-0.003,-0.009,-0.155,,,,0.293,,,10.090,3.980,-0.362,0
1956,9,0.491,,0.131,0.000,-0.003,-0.140,,,,0.271,,,9.960,4.030,-0.454,0
1956,10,0.522,,0.153,0.016,0.010,-0.131,,,,0.283,,,10.080,4.030,-0.515,0
1956,11,0.369,,0.010,-0.122,-0.131,-0.268,,,,0.277,,,10.030,3.980,-0.698,0
1956,12,0.308,,-0.054,-0.186,-0.186,-0.317,,,,0.262,,,10.320,4.070,-0.637,0
1957,1,0.095,,-0.179,-0.304,-0.307,-0.435,,,,0.256,,,,,-0.972,5
1957,2,0.369,,-0.054,-0.198,-0.192,-0.332,,,,0.277,,,10.110,3.890,-0.820,0
1957,3,0.369,,0.028,-0.115,-0.112,-0.253,,,,0.280,,,10.100,3.880,-0.667,0
1957,4,0.186,,-0.054,-0.189,-0.192,-0.326,,,,0.271,,,10.180,3.860,-0.728,0
1957,5,0.339,,0.052,-0.085,-0.088,-0.231,,,,0.283,,,10.140,3.890,-0.484,0
1957,6,0.583,,0.104,-0.039,-0.045,-0.198,,,,0.302,,,10.070,3.920,-0.545,0
1957,7,0.308,,0.049,-0.094,-0.100,-0.246,,,,0.296,,,10.120,3.960,-0.545,0
1957,8,0.308,,0.052,-0.088,-0.088,-0.228,,,,0.280,,,10.170,4.010,-0.454,0
1957,9,0.308,,0.089,-0.048,-0.051,-0.189,,,,0.277,,,10.140,3.980,-0.423,0
1957,10,0.644,,0.040,-0.094,-0.094,-0.231,,,,0.271,,,10.310,3.960,-0.576,0
1957,11,0.461,,-0.024,-0.146,-0.152,-0.280,,,,0.256,,,10.120,4.230,-0.759,0
1957,12,0.552,,-0.140,-0.265,-0.265,-0.393,,,,0.253,,,10.380,4.100,-1.094,0
1958,1,0.339,,-0.088,-0.213,-0.219,-0.350,,,,0.262,,,10.000,4.120,-0.850,0
1958,2,0.491,,-0.219,-0.344,-0.347,-0.475,,,,0.256,,,10.220,4.120,-0.972,0
1958,3,0.461,,0.025,-0.097,-0.106,-0.240,,,,0.265,,,10.170,4.010,-0.698,0
1958,4,0.644,,0.119,-0.015,-0.021,-0.161,,,,0.280,,,10.280,3.930,-0.576,0
1958,5,0.369,,0.055,-0.082,-0.088,-0.228,,,,0.283,,,10.480,4.170,-0.423,0
1958,6,0.369,,0.095,-0.045,-0.051,-0.198,,,,0.293,,,10.030,4.120,-0.545,0
1959,1,0.552,,-0.158,-0.286,-0.292,-0.423,,,,0.265,,,10.360,4.210,-1.185,0
1959,2,0.247,,-0.161,-0.295,-0.301,-0.442,,,,0.280,,,10.240,3.940,-0.789,0
1959,3,0.308,,-0.106,-0.219,-0.237,-0.371,,,,0.265,,,10.200,3.870,-0.759,0
1959,4,0.369,,0.058,-0.082,-0.088,-0.234,,,,0.293,,,9.980,3.790,-0.698,0
1959,5,0.217,,-0.021,-0.158,-0.170,-0.320,,,,0.299,,,10.200,3.940,-0.515,0
1959,6,0.308,,0.028,-0.112,-0.122,-0.268,,,,0.296,,,10.300,3.970,-0.850,0
1959,7,0.278,,0.040,-0.094,-0.103,-0.246,,,,0.287,,,10.140,3.950,-0.423,0
1959,8,0.491,,0.128,-0.012,-0.015,-0.158,,,,0.287,,,10.130,3.900,-0.484,0
1959,9,0.430,,0.110,-0.024,-0.030,-0.170,,,,0.280,,,9.900,3.750,-0.484,0
1959,10,0.552,,0.147,0.013,0.006,-0.131,,,,0.277,,,10.010,3.990,-0.606,0
1959,11,0.400,,-0.012,-0.140,-0.152,-0.292,,,,0.280,,,10.030,4.110,-0.759,0
1959,12,0.430,,-0.027,-0.155,-0.170,-0.314,,,,0.287,,,10.230,3.960,-0.698,0
1960,1,0.400,,-0.051,-0.182,-0.195,-0.335,,,,0.283,,,10.130,3.980,-0.850,0
1960,2,0.491,,-0.058,-0.192,-0.192,-0.326,,,,0.268,,,10.180,4.170,-1.033,0
1960,3,0.308,,-0.103,-0.250,-0.250,-0.396,,,,0.293,,,10.200,4.000,-0.911,0
1960,4,0.400,,0.043,-0.106,-0.103,-0.250,,,,0.293,,,10.270,4.040,-0.606,0
1960,5,0.491,,0.153,0.016,0.013,-0.131,,,,0.283,,,10.080,3.820,-0.484,0
1960,6,,,0.144,0.003,-0.003,-0.149,,,,0.293,,,,,,5
1960,7,,,0.113,-0.033,-0.036,-0.186,,,,0.299,,,,,,5
1960,8,0.400,,0.156,0.016,0.006,-0.140,,,,0.296,,,10.060,3.960,-0.454,0
1960,9,0.400,,0.177,0.034,0.034,-0.109,,,,0.287,,,10.120,3.830,-0.423,0
1960,10,0.491,,0.095,-0.042,-0.042,-0.179,,,,0.274,,,10.050,3.890,-0.576,0
1960,11,0.552,,0.022,-0.125,-0.125,-0.271,,,,0.293,,,10.190,4.010,-0.667,0
1960,12,0.186,,-0.170,-0.304,-0.311,-0.454,,,,0.283,,,10.330,4.020,-0.911,0
1961,1,0.430,,-0.146,-0.280,-0.283,-0.423,,,,0.277,,,10.390,4.030,-0.972,0
1961,2,0.674,,0.003,-0.137,-0.137,-0.277,,,,0.280,,,10.250,4.070,-0.637,0
1961,3,0.400,,0.089,-0.054,-0.051,-0.192,,,,0.280,,,10.040,3.900,-0.728,0
1961,4,0.552,,0.070,-0.064,-0.073,-0.216,,,,0.287,,,10.150,4.160,-0.698,0
1961,5,0.400,,0.061,-0.067,-0.082,-0.222,,,,0.283,,,10.220,3.780,-0.850,0
1961,6,0.552,,0.074,-0.067,-0.076,-0.225,,,,0.299,,,10.250,4.010,-0.484,0
1961,7,0.400,,0.080,-0.070,-0.076,-0.234,,,,0.314,,,10.210,3.950,-0.454,0
1961,8,0.308,,0.092,-0.051,-0.058,-0.207,,,,0.299,,,10.170,3.920,-0.454,0
1961,9,0.522,,0.128,-0.018,-0.021,-0.173,,,,0.302,,,10.350,3.960,-0.637,0
1961,10,0.644,,0.074,-0.054,-0.058,-0.189,,,,0.262,,,10.320,3.990,-0.728,0
1961,11,0.430,,0.016,-0.115,-0.125,-0.265,,,,0.280,,,10.200,3.890,-0.637,0
1961,12,0.369,,-0.070,-0.198,-0.198,-0.323,,,,0.253,,,10.180,3.960,-0.759,0
1962,1,0.278,,-0.143,-0.265,-0.274,-0.405,,,,0.262,,,10.070,3.920,-0.941,0
1962,2,0.400,,-0.030,-0.161,-0.167,-0.307,,,,0.277,,,10.190,3.910,-0.789,0
1962,3,1.070,,0.128,-0.006,-0.009,-0.149,,,,0.277,,,9.960,3.770,-0.698,0
1962,4,0.217,,-0.027,-0.170,-0.173,-0.320,,,,0.293,,,10.170,4.130,-0.728,0
1962,5,0.369,,0.119,-0.027,-0.036,-0.192,,,,0.311,,,10.320,4.200,-0.393,0
1962,6,0.369,,0.113,-0.036,-0.039,-0.189,,,,0.302,,,10.220,4.180,-0.423,0
1962,7,,,0.095,-0.045,-0.051,-0.198,,,,0.293,,,,,,5
1962,8,,,0.135,-0.009,-0.015,-0.167,,,,0.302,,,,,,5
1962,9,0.430,,0.119,-0.018,-0.027,-0.173,,,,0.293,,,10.120,4.150,-0.606,0
1962,10,0.430,,0.113,-0.018,-0.021,-0.158,,,,0.271,,,9.970,4.020,-0.759,0
1962,11,0.674,,0.083,-0.039,-0.048,-0.179,,,,0.262,,,10.060,4.110,-0.637,0
1962,12,0.704,,-0.097,-0.216,-0.228,-0.356,,,,0.259,,,10.120,4.240,-1.429,0
1963,1,0.400,,-0.106,-0.246,-0.250,-0.393,,,,0.287,,,10.460,3.900,-1.368,0
1963,2,0.156,,-0.204,-0.326,-0.335,-0.463,,,,0.259,,,10.070,4.120,-1.094,0
1963,3,0.339,,-0.027,-0.155,-0.158,-0.292,,,,0.265,,,9.900,3.850,-0.576,0
1963,4,0.522,,-0.006,-0.140,-0.146,-0.283,,,,0.277,,,9.910,3.840,-0.667,0
1963,5,0.369,,-0.003,-0.134,-0.137,-0.271,,,,0.268,,,10.030,3.850,-0.637,0
1963,6,0.339,,0.070,-0.067,-0.073,-0.216,,,,0.287,,,10.400,3.810,-0.484,0
1963,7,0.369,,0.070,-0.064,-0.073,-0.213,,,,0.283,,,10.360,4.050,-0.423,0
1963,8,0.278,,0.046,-0.094,-0.094,-0.234,,,,0.280,,,10.310,4.030,-0.728,0
1963,9,0.491,,0.119,-0.018,-0.021,-0.161,,,,0.280,,,10.490,3.980,-0.545,0
1963,10,0.339,,0.019,-0.118,-0.122,-0.262,,,,0.280,,,10.010,4.030,-0.606,0
1963,11,0.461,,0.016,-0.125,-0.128,-0.271,,,,0.287,,,9.840,3.960,-0.789,0
1963,12,0.247,,-0.167,-0.292,-0.301,-0.435,,,,0.268,,,9.460,3.700,-0.850,0
1964,1,0.491,,-0.109,-0.240,-0.246,-0.384,,,,0.274,,,9.850,3.990,-0.820,0
1964,2,0.369,,-0.155,-0.283,-0.289,-0.426,,,,0.271,,,9.910,3.870,-1.063,0
1964,3,0.400,,-0.009,-0.146,-0.149,-0.292,,,,0.283,,,10.110,3.880,-0.820,0
1964,4,0.430,,-0.030,-0.170,-0.173,-0.314,,,,0.283,,,10.070,3.830,-0.972,0
1964,5,0.247,,0.025,-0.103,-0.112,-0.250,,,,0.274,,,10.000,3.930,-0.576,0
1964,6,0.339,,0.040,-0.106,-0.109,-0.259,,,,0.299,,,10.290,4.180,-0.545,0
1964,7,0.552,,0.058,-0.082,-0.088,-0.231,,,,0.290,,,9.910,3.940,-0.515,0
1964,8,0.430,,0.101,-0.033,-0.036,-0.173,,,,0.274,,,9.840,3.940,-0.484,0
1964,9,0.491,,0.135,0.000,-0.009,-0.152,,,,0.287,,,10.260,4.140,-0.515,0
1964,10,0.491,,0.055,-0.070,-0.082,-0.216,,,,0.271,,,9.900,3.930,-0.545,0
1964,11,0.461,,0.019,-0.109,-0.118,-0.259,,,,0.277,,,10.090,4.000,-0.606,0
1964,12,0.308,,-0.088,-0.210,-0.216,-0.347,,,,0.259,,,9.940,3.890,-0.911,0
1965,1,0.308,,-0.073,-0.219,-0.210,-0.347,,,,0.274,,,10.290,3.950,-0.698,0
1965,2,0.644,,-0.054,-0.201,-0.207,-0.356,,,,0.302,,,10.060,3.800,-0.820,0
1965,3,0.308,,-0.036,-0.167,-0.173,-0.311,,,,0.274,,,10.230,3.890,-0.606,0
1965,4,0.400,,0.049,-0.082,-0.097,-0.243,,,,0.293,,,10.460,3.990,-0.637,0
1965,5,0.369,,0.067,-0.082,-0.088,-0.243,,,,0.311,,,10.160,3.680,-0.393,0
1965,6,0.339,,0.080,-0.054,-0.064,-0.207,,,,0.287,,,10.030,3.800,-0.423,0
1965,7,0.400,,0.110,-0.039,-0.039,-0.189,,,,0.299,,,9.960,3.960,-0.423,0
1965,8,0.430,,0.074,-0.067,-0.073,-0.219,,,,0.293,,,10.090,3.850,-0.637,0
1965,9,0.339,,0.128,-0.009,-0.018,-0.161,,,,0.290,,,9.990,3.760,-0.545,0
1965,10,0.613,,0.049,-0.076,-0.085,-0.219,,,,0.268,,,10.180,3.860,-0.667,0
1965,11,0.400,,0.019,-0.118,-0.122,-0.259,,,,0.277,,,10.070,3.930,-0.880,0
1965,12,0.339,,-0.036,-0.167,-0.173,-0.311,,,,0.274,,,10.210,4.030,-0.972,0
1966,1,0.430,,-0.140,-0.265,-0.268,-0.396,,,,0.256,,,9.930,4.170,-0.880,0
1966,2,0.339,,-0.100,-0.222,-0.231,-0.362,,,,0.262,,,10.170,3.830,-1.002,0
1966,3,0.339,,-0.003,-0.128,-0.137,-0.268,,,,0.265,,,9.960,3.820,-0.606,0
1966,4,0.339,,0.046,-0.085,-0.094,-0.234,,,,0.280,,,10.060,3.740,-0.515,0
1966,5,0.491,,0.074,-0.058,-0.064,-0.204,,,,0.277,,,10.110,3.710,-0.698,0
1966,6,0.278,,0.061,-0.070,-0.082,-0.222,,,,0.283,,,10.100,3.760,-0.515,0
1966,7,0.339,,0.089,-0.048,-0.054,-0.198,,,,0.287,,,10.140,4.000,-0.484,0
1966,8,0.369,,0.095,-0.039,-0.045,-0.189,,,,0.283,,,10.180,3.950,-0.484,0
1966,9,0.613,,0.135,0.003,-0.003,-0.143,,,,0.277,,,10.020,3.920,-0.484,0
1966,10,0.369,,0.000,-0.131,-0.131,-0.265,,,,0.265,,,10.250,3.950,-0.637,0
1966,11,0.704,,0.043,-0.085,-0.088,-0.222,,,,0.265,,,10.100,3.950,-0.698,0
1966,12,0.400,,-0.094,-0.210,-0.222,-0.350,,,,0.256,,,10.310,3.910,-1.033,0
1967,1,0.308,,-0.076,-0.213,-0.213,-0.350,,,,0.274,,,10.190,3.960,-0.698,0
1967,2,0.278,,-0.125,-0.246,-0.253,-0.381,,,,0.256,,,10.000,3.860,-1.399,0
1967,3,0.491,,-0.024,-0.149,-0.161,-0.295,,,,0.271,,,10.220,4.020,-0.911,0
1967,4,0.522,,0.061,-0.076,-0.082,-0.228,,,,0.290,,,10.210,4.120,-0.698,0
1967,5,0.522,,0.116,-0.018,-0.024,-0.164,,,,0.280,,,10.080,3.990,-0.454,0
1967,6,0.461,,0.128,-0.009,-0.018,-0.164,,,,0.293,,,10.250,4.050,-0.515,0
1967,7,0.400,,0.113,-0.027,-0.030,-0.173,,,,0.287,,,10.240,3.980,-0.362,0
1967,8,0.339,,0.141,0.006,-0.003,-0.143,,,,0.283,,,9.980,3.840,-0.362,0
1967,9,0.552,,0.116,-0.012,-0.021,-0.158,,,,0.274,,,9.880,3.880,-0.545,0
1967,10,0.491,,0.086,-0.045,-0.048,-0.182,,,,0.268,,,9.810,3.820,-0.576,0
1967,11,0.491,,-0.027,-0.152,-0.161,-0.295,,,,0.268,,,10.210,4.080,-0.820,0
1967,12,0.583,,0.028,-0.097,-0.106,-0.237,,,,0.265,,,10.110,4.110,-0.850,0
1968,1,0.653,,-0.100,-0.231,-0.237,-0.371,,,,0.271,,,10.090,3.970,-1.012,0
1968,2,0.467,,-0.118,-0.250,-0.250,-0.384,,,,0.265,,,10.110,3.950,-0.899,0
1968,3,0.323,,-0.091,-0.216,-0.219,-0.350,,,,0.259,,,9.860,4.060,-0.914,0
1968,4,0.442,,0.040,-0.091,-0.097,-0.231,,,,0.271,,,9.840,3.800,-0.728,0
1968,5,0.555,,0.107,-0.021,-0.030,-0.167,,,,0.274,,,9.840,3.830,-0.506,0
1968,6,0.543,,0.153,0.016,0.010,-0.134,,,,0.287,,,9.890,3.920,-0.417,0
1968,7,0.363,,0.128,-0.015,-0.024,-0.173,,,,0.302,,,9.950,3.980,-0.445,0
1968,8,0.333,,0.119,-0.024,-0.027,-0.176,,,,0.296,,,9.970,3.970,-0.435,0
1968,9,0.458,,0.162,0.028,0.025,-0.115,,,,0.277,,,9.890,3.890,-0.411,0
1968,10,0.387,,0.067,-0.064,-0.067,-0.201,,,,0.268,,,10.050,4.020,-0.673,0
1968,11,0.549,,0.046,-0.082,-0.085,-0.219,,,,0.265,,,9.970,4.070,-0.664,0
1968,12,0.445,,-0.161,-0.286,-0.292,-0.423,,,,0.262,,,9.990,3.990,-0.944,0
1969,1,0.247,,-0.137,-0.262,-0.265,-0.393,,,,0.256,,,10.200,4.220,-0.850,0
1969,2,0.339,,-0.082,-0.210,-0.210,-0.338,,,,0.256,,,9.900,3.890,-1.124,0
1969,3,0.461,,-0.021,-0.149,-0.158,-0.292,,,,0.271,,,9.980,3.940,-0.850,0
1969,4,0.430,,0.013,-0.115,-0.125,-0.259,,,,0.271,,,10.150,3.900,-0.637,0
1969,5,0.400,,0.089,-0.045,-0.054,-0.195,,,,0.283,,,9.970,3.840,-0.545,0
1969,6,0.430,,0.183,0.052,0.043,-0.100,,,,0.283,,,9.910,3.840,-0.484,0
1969,7,0.674,,0.195,0.055,0.049,-0.097,,,,0.293,,,9.940,3.860,-0.393,0
1970,2,0.333,,-0.067,-0.201,-0.204,-0.338,,,,0.271,,,9.900,3.880,-0.902,0
1970,3,0.314,,-0.006,-0.140,-0.143,-0.280,,,,0.274,,,9.970,3.860,-0.628,0
1970,4,,,0.119,-0.021,-0.027,-0.173,,,,0.293,,,,,,6
1970,5,0.326,,0.052,-0.088,-0.097,-0.243,,,,0.296,,,9.920,3.800,-0.670,0
1970,6,0.403,,0.128,-0.012,-0.018,-0.164,,,,0.293,,,9.940,3.900,-0.466,0
1970,7,0.403,,0.098,-0.036,-0.045,-0.189,,,,0.287,,,9.940,3.950,-0.493,0
1970,8,0.476,,0.165,0.022,0.016,-0.137,,,,0.302,,,9.890,3.980,-0.426,0
1970,9,0.418,,0.122,-0.015,-0.015,-0.155,,,,0.277,,,10.050,4.070,-0.472,0
1970,10,0.534,,0.165,0.034,0.031,-0.106,,,,0.271,,,9.900,3.890,-0.685,0
1970,11,0.625,,0.162,0.034,0.025,-0.112,,,,0.274,,,9.700,3.870,-0.661,0
1970,12,0.583,,0.043,-0.094,-0.094,-0.228,,,,0.271,,,9.720,3.830,-0.771,0
1971,1,0.314,,-0.082,-0.216,-0.216,-0.350,,,,0.268,,,9.760,3.840,-1.012,0
1971,2,0.421,,-0.015,-0.134,-0.134,-0.253,,,,0.238,,,9.880,3.270,-0.615,0
1971,3,0.589,,-0.042,-0.170,-0.173,-0.307,,,,0.265,,,9.810,3.850,-0.777,0
1971,4,0.403,,0.046,-0.088,-0.094,-0.231,,,,0.277,,,10.030,3.900,-0.597,0
1971,5,0.384,,0.101,-0.033,-0.039,-0.179,,,,0.280,,,9.830,3.800,-0.439,0
1971,6,0.516,,0.150,0.013,0.006,-0.140,,,,0.290,,,10.060,4.030,-0.484,0
1971,7,0.400,,0.101,-0.036,-0.045,-0.189,,,,0.290,,,10.020,4.140,-0.499,0
1971,8,0.381,,0.092,-0.048,-0.051,-0.195,,,,0.287,,,10.020,4.110,-0.621,0
1971,9,0.458,,0.180,0.046,0.043,-0.097,,,,0.277,,,9.840,3.740,-0.347,0
1971,10,0.610,,0.259,0.125,0.119,-0.021,,,,0.280,,,9.820,3.880,-0.365,0
1971,11,,,0.107,-0.039,-0.039,-0.186,,,,0.293,,,,,,6
1971,12,,,0.010,-0.125,-0.131,-0.271,,,,0.280,,,,,,6
1972,1,0.467,,-0.021,-0.152,-0.155,-0.292,,,,0.271,,,10.040,4.070,-0.844,0
1972,2,0.558,,-0.064,-0.201,-0.204,-0.341,,,,0.277,,,9.760,3.890,-1.060,0
1972,3,,,0.052,-0.082,-0.085,-0.222,,,,0.274,,,,,,5
1972,4,0.497,,0.107,-0.024,-0.030,-0.167,,,,0.274,,,9.980,4.010,-0.509,0
1972,5,0.491,,0.177,0.046,0.040,-0.097,,,,0.274,,,9.980,3.870,-0.387,0
1972,6,0.711,,0.211,0.061,0.064,-0.082,,,,0.293,,,9.850,3.870,-0.725,0
1972,7,0.516,,0.162,0.019,0.013,-0.137,,,,0.299,,,10.040,4.070,-0.521,0
1972,8,0.497,0.241,0.168,0.022,0.010,-0.146,-0.219,0.010,0.460,0.314,0.073,0.073,10.000,3.890,-0.463,0
1972,9,0.637,0.281,0.192,0.058,0.049,-0.091,-0.167,0.058,0.448,0.283,0.088,0.076,9.770,3.900,-0.429,0
1972,10,0.555,,0.110,-0.030,-0.033,-0.176,,,,0.287,,,9.890,3.910,-0.585,0
1972,11,0.479,0.238,0.144,0.016,0.010,-0.125,-0.204,0.016,0.442,0.268,0.094,0.079,9.950,3.980,-0.621,0
1972,12,0.558,,0.067,-0.061,-0.064,-0.198,,,,0.265,,,9.920,4.100,-0.948,0
1973,1,0.616,,0.016,-0.118,-0.125,-0.262,,,,0.277,,,9.960,4.030,-0.728,0
1973,2,0.595,,0.010,-0.118,-0.125,-0.259,,,,0.268,,,9.980,4.120,-0.981,0
1973,3,0.637,,0.116,-0.018,-0.027,-0.167,,,,0.283,,,9.980,4.000,-0.713,0
1973,4,0.717,,0.098,-0.039,-0.045,-0.189,,,,0.287,,,10.130,3.960,-0.579,0
1973,5,0.494,,0.147,0.010,0.003,-0.143,,,,0.290,,,10.040,3.950,-0.469,0
1973,6,0.506,,0.144,0.003,-0.003,-0.149,,,,0.293,,,10.120,4.140,-0.353,0
1973,7,0.412,,0.159,0.010,0.003,-0.152,,,,0.311,,,10.210,4.040,-0.362,0
1973,8,0.442,,0.165,0.016,0.010,-0.143,,,,0.308,,,10.120,4.000,-0.359,0
1973,9,0.610,,0.192,0.046,0.040,-0.115,,,,0.308,,,10.020,4.030,-0.445,0
1973,10,0.775,,0.147,0.010,0.006,-0.134,,,,0.280,,,10.000,3.780,-0.557,0
1973,11,0.333,,-0.067,-0.192,-0.198,-0.332,,,,0.265,,,9.920,3.910,-0.850,0
1973,12,0.656,,-0.039,-0.164,-0.173,-0.304,,,,0.265,,,10.270,4.260,-0.801,0
1974,1,0.448,,0.077,-0.061,-0.064,-0.204,,,,0.280,,,10.020,4.010,-0.481,0
1974,2,0.540,,0.013,-0.122,-0.128,-0.268,,,,0.280,,,10.130,4.050,-0.621,0
1974,3,0.448,,-0.051,-0.179,-0.189,-0.323,,,,0.271,,,10.110,4.080,-0.707,0
1974,4,0.275,,0.006,-0.134,-0.137,-0.283,,,,0.290,,,10.180,3.980,-0.624,0
1974,5,0.412,,0.125,-0.012,-0.021,-0.170,,,,0.296,,,10.140,3.960,-0.512,0
1974,6,0.451,,0.180,0.034,0.028,-0.125,,,,0.305,,,10.030,3.990,-0.353,0
1974,7,0.366,,0.128,-0.018,-0.024,-0.176,,,,0.305,,,9.990,3.970,-0.439,0
1974,8,0.418,,0.147,0.006,0.003,-0.143,,,,0.290,,,10.290,4.190,-0.371,0
1974,9,0.439,,0.168,0.025,0.019,-0.128,,,,0.296,,,10.020,4.020,-0.503,0
1974,10,0.323,,0.010,-0.128,-0.134,-0.280,,,,0.290,,,10.140,4.040,-0.582,0
1974,11,0.534,,0.010,-0.125,-0.131,-0.271,,,,0.280,,,10.140,4.080,-0.935,0
1974,12,0.775,,0.067,-0.082,-0.076,-0.219,,,,0.287,,,9.880,4.020,-0.856,0
1975,1,0.567,,-0.033,-0.173,-0.173,-0.314,,,,0.277,,,10.010,3.880,-0.829,0
1975,2,0.369,,0.022,-0.115,-0.112,-0.250,,,,0.271,,,10.050,4.090,-0.637,0
1975,3,,,-0.003,-0.143,-0.149,-0.292,,,,0.290,,,,,,5
1975,4,0.500,,-0.073,-0.213,-0.222,-0.368,,,,0.296,,,10.080,4.080,-1.417,0
1975,5,0.433,,0.147,-0.015,-0.009,-0.164,,,,0.311,,,10.050,3.950,-0.347,0
1975,6,0.494,,0.156,0.013,0.006,-0.143,,,,0.299,,,10.300,4.110,-0.408,0
1975,7,,,0.183,0.034,0.028,-0.128,,,,0.311,,,,,,5
1975,8,0.305,,0.141,-0.012,-0.018,-0.173,,,,0.314,,,10.130,3.890,-0.387,0
1975,9,0.619,,0.183,0.046,0.040,-0.106,,,,0.293,,,10.030,4.120,-0.542,0
1975,10,0.622,,0.174,0.034,0.028,-0.118,,,,0.290,,,10.080,3.980,-0.600,0
1975,11,0.613,0.235,0.156,0.016,0.010,-0.137,-0.204,0.016,0.439,0.293,0.079,0.067,10.080,4.080,-0.496,1
1975,12,0.656,0.150,0.058,-0.079,-0.088,-0.231,-0.314,-0.082,0.463,0.290,0.091,0.082,10.220,4.200,-0.624,0
1976,4,0.625,,0.019,,-0.128,-0.274,,,,0.293,,,10.010,3.990,-0.707,0
1976,8,0.421,,0.153,,0.000,-0.152,,,,0.305,,,9.950,3.950,-0.594,0
1976,9,0.491,,0.162,,0.010,-0.143,,,,0.305,,,10.090,4.020,-0.493,0
1977,1,,,-0.198,-0.329,-0.335,-0.475,,,,0.277,,,,,,6
1977,2,,,-0.237,-0.368,-0.375,-0.515,,,,0.277,,,,,,7
1977,3,0.275,,-0.082,-0.216,-0.222,-0.359,,,,0.277,,,10.190,4.140,-0.935,0
1977,4,0.244,,-0.054,-0.198,-0.204,-0.350,,,,0.296,,,10.100,3.980,-0.756,0
1977,5,0.336,,0.058,-0.094,-0.100,-0.259,,,,0.317,,,10.120,4.040,-0.768,0
1977,6,0.394,,0.104,-0.045,-0.051,-0.210,,,,0.314,,,,,-0.695,5
1977,7,0.421,,0.092,-0.051,-0.061,-0.213,,,,0.305,,,10.310,4.230,-0.615,0
1977,8,0.461,,0.131,-0.018,-0.024,-0.176,,,,0.308,,,10.120,4.070,-0.426,0
1977,9,0.723,,0.232,0.101,0.095,-0.039,,,,0.271,,,10.230,4.470,-0.435,0
1977,10,0.546,,0.086,-0.048,-0.051,-0.189,,,,0.274,,,10.090,3.990,-0.664,0
1977,11,0.580,,0.116,-0.015,-0.021,-0.158,,,,0.274,,,10.090,4.040,-0.652,0
1977,12,0.698,,0.064,-0.070,-0.076,-0.216,,,,0.280,,,9.900,3.830,-0.792,0
1978,1,0.650,,-0.042,-0.176,-0.182,-0.323,,,,0.280,,,9.920,4.000,-1.045,0
1978,2,,,0.040,-0.100,-0.103,-0.246,,,,0.287,,,,,,5
1978,3,0.451,,0.034,-0.112,-0.112,-0.259,,,,0.293,,,9.990,4.040,-0.679,0
1978,4,0.567,,0.125,-0.018,-0.024,-0.170,,,,0.296,,,10.050,3.940,-0.612,0
1978,5,0.522,,0.189,0.037,0.034,-0.122,,,,0.311,,,10.050,3.980,-0.362,0
1978,6,0.384,,0.119,-0.027,-0.036,-0.189,,,,0.308,,,10.250,4.410,-0.527,0
1978,7,0.445,,0.180,0.037,0.031,-0.118,,,,0.299,,,10.180,4.170,-0.332,0
1978,8,0.558,,0.195,0.046,0.040,-0.112,,,,0.308,,,10.230,4.150,-0.414,0
1978,9,0.549,,0.266,0.119,0.113,-0.036,,,,0.302,,,10.190,4.090,-0.320,0
1978,10,0.525,,0.180,0.040,0.034,-0.115,,,,0.296,,,10.140,3.680,-0.527,0
1978,11,0.534,,0.180,0.040,0.034,-0.109,,,,0.290,,,10.090,4.060,-0.371,1
1978,12,0.448,,-0.021,-0.158,-0.164,-0.307,,,,0.287,,,,,-0.856,6
1979,1,0.653,0.080,-0.012,-0.149,-0.152,-0.292,-0.381,-0.151,0.461,0.280,0.091,0.088,10.120,4.050,-0.850,0
1979,2,0.704,-0.009,-0.064,-0.210,-0.210,-0.356,-0.448,-0.229,0.439,0.293,0.055,0.091,10.230,4.220,-0.789,1
1979,3,0.644,0.131,0.061,-0.082,-0.088,-0.234,-0.286,-0.078,0.417,0.296,0.070,0.052,10.180,4.070,-0.820,0
1979,4,0.500,0.156,0.067,-0.082,-0.085,-0.240,-0.301,-0.073,0.457,0.308,0.088,0.061,10.200,4.100,-0.871,0
1979,5,0.354,0.165,0.101,-0.042,-0.048,-0.201,-0.268,-0.052,0.433,0.302,0.064,0.067,10.140,4.080,-0.478,0
1979,6,0.451,0.229,0.153,0.003,-0.003,-0.158,-0.210,0.010,0.439,0.311,0.076,0.052,10.230,4.070,-0.423,0
1979,7,0.308,0.205,0.144,-0.006,-0.012,-0.167,-0.213,-0.006,0.418,0.308,0.061,0.049,10.120,4.050,-0.484,0
1979,8,0.415,0.217,0.156,0.003,0.000,-0.158,-0.222,-0.003,0.439,0.314,0.058,0.064,10.120,4.040,-0.582,0
1979,9,1.156,0.290,0.208,0.064,0.058,-0.094,-0.179,0.055,0.469,0.302,0.082,0.085,10.050,4.090,-0.503,0
1979,10,0.525,0.186,0.116,-0.030,-0.033,-0.182,-0.250,-0.033,0.439,0.299,0.070,0.067,10.170,4.110,-0.634,0
1979,11,0.540,0.153,0.067,-0.076,-0.082,-0.231,-0.314,-0.079,0.466,0.299,0.085,0.079,10.250,4.210,-0.615,0
1979,12,0.412,0.028,-0.067,-0.204,-0.207,-0.350,-0.426,-0.198,0.451,0.283,0.091,0.076,10.350,4.120,-0.807,0
1980,1,0.576,0.052,-0.009,-0.149,-0.155,-0.298,-0.359,-0.155,0.415,0.290,0.064,0.061,10.160,4.120,-0.789,0
1980,2,0.351,-0.012,-0.091,-0.234,-0.237,-0.381,-0.448,-0.228,0.436,0.290,0.079,0.067,10.090,4.090,-0.990,1
1980,3,0.339,-0.015,-0.091,-0.228,-0.231,-0.371,-0.448,-0.231,0.433,0.283,0.076,0.076,10.170,4.050,-0.926,0
1980,4,0.525,0.177,0.119,-0.024,-0.027,-0.173,-0.228,-0.024,0.405,0.293,0.058,0.055,10.210,4.090,-0.646,0
1980,5,0.482,0.211,0.135,-0.012,-0.018,-0.170,-0.207,0.000,0.418,0.305,0.076,0.037,10.080,3.960,-0.493,0
1980,6,0.333,0.159,0.074,-0.070,-0.076,-0.228,-0.295,-0.070,0.454,0.302,0.085,0.070,10.140,4.160,-0.579,0
1980,7,0.327,0.162,0.095,-0.058,-0.064,-0.222,-0.274,-0.058,0.436,0.314,0.067,0.052,10.120,4.000,-0.469,0
1980,8,0.451,0.195,0.144,-0.009,-0.015,-0.176,-0.231,-0.018,0.430,0.320,0.052,0.058,10.040,3.980,-0.478,0
1980,9,0.500,0.217,0.141,0.000,-0.006,-0.155,-0.225,-0.003,0.439,0.296,0.076,0.070,10.030,4.060,-0.518,0
1980,10,0.616,0.131,0.055,-0.079,-0.085,-0.225,-0.283,-0.076,0.415,0.283,0.076,0.058,10.010,4.040,-0.701,0
1980,11,0.482,0.049,-0.039,-0.176,-0.179,-0.320,-0.387,-0.170,0.436,0.280,0.088,0.067,10.090,4.040,-0.957,0
1980,12,0.308,-0.021,-0.122,-0.250,-0.256,-0.390,-0.472,-0.246,0.451,0.268,0.101,0.082,10.130,4.010,-1.228,0
1981,1,0.232,-0.070,-0.152,-0.286,-0.289,-0.426,-0.487,-0.277,0.418,0.274,0.082,0.061,10.170,4.180,-0.981,0
1981,2,0.400,-0.027,-0.082,-0.219,-0.219,-0.356,-0.423,-0.225,0.396,0.274,0.055,0.067,10.080,3.940,-0.820,0
1981,3,0.259,0.031,-0.045,-0.176,-0.186,-0.323,-0.387,-0.179,0.418,0.277,0.076,0.064,10.030,3.920,-0.902,0
1981,4,0.226,0.010,-0.045,-0.182,-0.186,-0.326,-0.384,-0.189,0.393,0.280,0.055,0.058,10.040,3.930,-0.661,0
1981,5,0.421,0.208,0.135,-0.009,-0.015,-0.164,-0.213,-0.003,0.421,0.296,0.073,0.049,10.040,3.890,-0.475,0
1981,6,0.384,0.199,0.119,-0.027,-0.033,-0.189,-0.240,-0.021,0.439,0.311,0.076,0.052,10.040,3.930,-0.493,0
1981,7,0.363,0.192,0.131,-0.018,-0.024,-0.179,-0.250,-0.030,0.445,0.311,0.061,0.073,10.040,3.960,-0.499,0
1981,8,0.561,0.241,0.174,0.028,0.022,-0.131,-0.182,0.028,0.424,0.305,0.067,0.052,10.020,3.960,-0.420,0
1981,9,0.485,0.250,0.177,0.037,0.031,-0.118,-0.176,0.037,0.427,0.296,0.070,0.058,10.000,3.960,-0.557,0
1981,10,0.503,0.119,0.070,-0.067,-0.070,-0.213,-0.237,-0.061,0.357,0.283,0.046,0.024,10.060,4.020,-0.649,0
1981,11,0.601,0.107,0.037,-0.097,-0.100,-0.237,-0.311,-0.100,0.421,0.274,0.073,0.073,10.010,4.040,-0.606,0
1981,12,0.427,-0.012,-0.085,-0.213,-0.219,-0.353,-0.408,-0.210,0.396,0.268,0.073,0.058,10.170,4.010,-0.746,0
1982,1,0.333,-0.048,-0.134,-0.265,-0.271,-0.405,-0.487,-0.268,0.439,0.271,0.085,0.082,10.230,4.180,-0.926,0
1982,2,0.357,0.061,-0.012,-0.146,-0.152,-0.292,-0.365,-0.152,0.427,0.280,0.073,0.073,9.970,3.890,-0.627,0
1982,3,0.296,0.083,0.006,-0.131,-0.137,-0.277,-0.326,-0.122,0.408,0.283,0.076,0.049,9.890,3.810,-0.728,0
1982,4,0.409,0.028,-0.067,-0.201,-0.210,-0.350,-0.429,-0.201,0.457,0.283,0.094,0.079,10.100,3.960,-1.161,0
1982,5,0.366,0.186,0.113,-0.033,-0.039,-0.195,-0.231,-0.021,0.418,0.308,0.073,0.037,10.050,3.870,-0.445,0
1982,6,0.616,0.330,0.256,0.110,0.104,-0.045,-0.103,0.113,0.430,0.302,0.073,0.055,10.200,4.170,-0.320,0
1982,7,0.381,0.217,0.141,-0.009,-0.015,-0.170,-0.222,-0.003,0.436,0.314,0.073,0.049,10.360,4.280,-0.371,1
1982,8,0.369,0.211,0.141,-0.009,-0.012,-0.167,-0.234,-0.012,0.445,0.311,0.070,0.064,10.040,3.850,-0.493,1
1982,9,0.656,0.238,0.180,0.037,0.034,-0.115,-0.170,0.034,0.408,0.299,0.055,0.055,9.950,3.920,-0.371,0
1982,10,0.717,0.272,0.208,0.070,0.061,-0.085,-0.140,0.067,0.411,0.293,0.064,0.055,10.050,3.990,-0.503,0
1982,11,0.567,0.141,0.064,-0.079,-0.085,-0.234,-0.323,-0.091,0.463,0.302,0.073,0.088,10.080,4.110,-0.716,0
1982,12,0.607,0.156,0.058,-0.082,-0.088,-0.231,-0.317,-0.079,0.469,0.290,0.098,0.085,10.090,4.010,-0.704,0
1983,1,0.473,0.083,0.003,-0.134,-0.140,-0.283,-0.356,-0.137,0.439,0.287,0.079,0.073,9.920,4.000,-0.792,0
1983,2,0.497,0.174,0.092,-0.042,-0.048,-0.186,-0.262,-0.045,0.436,0.277,0.082,0.076,9.920,3.940,-0.783,0
1983,3,0.829,0.226,0.150,0.006,0.006,-0.137,-0.210,0.006,0.436,0.287,0.076,0.073,9.960,3.900,-0.612,0
1983,4,0.817,0.247,0.165,0.028,0.022,-0.122,-0.170,0.040,0.421,0.287,0.085,0.049,10.060,3.920,-0.435,0
1983,5,0.528,0.241,0.153,0.013,0.010,-0.137,-0.195,0.025,0.436,0.287,0.088,0.058,10.090,3.980,-0.600,0
1983,6,0.546,0.287,0.192,0.046,0.037,-0.118,-0.164,0.061,0.451,0.311,0.091,0.049,10.100,3.910,-0.311,0
1983,7,0.461,0.250,0.171,0.022,0.016,-0.143,-0.204,0.025,0.454,0.311,0.079,0.061,10.030,3.940,-0.414,0
1983,8,0.445,0.287,0.223,0.077,0.070,-0.082,-0.161,0.064,0.448,0.308,0.064,0.076,10.010,4.070,-0.350,0
1983,9,0.576,0.275,0.211,0.067,0.061,-0.088,-0.158,0.058,0.433,0.299,0.064,0.070,9.960,3.890,-0.521,0
1983,10,0.772,0.339,0.259,0.119,0.113,-0.033,-0.109,0.113,0.448,0.290,0.079,0.076,9.950,4.010,-0.716,0
1983,11,0.726,0.220,0.153,0.016,0.010,-0.134,-0.216,0.000,0.439,0.287,0.067,0.082,9.870,3.820,-0.722,0
1983,12,0.723,0.109,0.001,-0.118,-0.136,-0.273,-0.342,-0.117,0.451,0.274,0.108,0.069,,,-0.902,0
1984,1,0.369,0.083,0.013,-0.125,-0.131,-0.274,-0.356,-0.137,0.439,0.287,0.070,0.082,10.100,4.040,-0.731,0
1984,2,0.531,0.128,0.049,-0.088,-0.091,-0.231,-0.311,-0.091,0.439,0.280,0.079,0.079,10.010,4.080,-0.698,0
1984,3,0.619,0.150,0.067,-0.067,-0.070,-0.210,-0.274,-0.061,0.424,0.277,0.079,0.064,10.200,3.960,-0.640,0
1984,4,0.695,0.342,0.281,0.138,0.131,-0.018,-0.067,0.138,0.408,0.299,0.061,0.049,9.990,3.850,-0.466,0
1984,5,0.534,0.192,0.104,-0.036,-0.045,-0.192,-0.246,-0.027,0.442,0.299,0.088,0.055,10.070,4.080,-0.576,0
1984,6,0.506,0.250,0.174,0.028,0.022,-0.131,-0.182,0.034,0.433,0.305,0.079,0.052,10.140,4.030,-0.353,0
1984,7,0.458,0.226,0.144,-0.006,-0.012,-0.170,-0.237,-0.006,0.466,0.314,0.082,0.067,10.060,3.960,-0.429,0
1984,8,0.430,0.272,0.217,0.064,0.058,-0.100,-0.155,0.058,0.430,0.317,0.058,0.055,9.940,3.850,-0.326,0
1984,9,0.570,0.263,0.183,0.031,0.028,-0.128,-0.186,0.040,0.448,0.308,0.079,0.058,10.010,3.960,-0.481,0
1984,10,0.653,0.311,0.244,0.098,0.095,-0.054,-0.115,0.098,0.427,0.296,0.067,0.061,9.970,4.030,-0.448,0
1984,11,0.503,0.177,0.080,-0.054,-0.061,-0.198,-0.286,-0.054,0.463,0.280,0.098,0.088,10.080,4.060,-0.634,0
1984,12,0.345,0.104,0.034,-0.100,-0.103,-0.240,-0.323,-0.109,0.427,0.274,0.070,0.082,10.170,4.070,-0.692,0
1985,1,0.372,0.019,-0.085,-0.213,-0.216,-0.350,-0.442,-0.213,0.463,0.265,0.104,0.094,10.010,4.010,-0.932,0
1985,2,0.704,0.040,-0.036,-0.173,-0.176,-0.317,-0.396,-0.176,0.436,0.283,0.076,0.076,9.940,3.970,-1.179,0
1985,3,0.308,0.061,-0.021,-0.155,-0.161,-0.298,-0.362,-0.149,0.424,0.280,0.082,0.061,10.010,3.850,-0.816,0
1985,4,0.400,0.165,0.074,-0.067,-0.073,-0.219,-0.289,-0.061,0.454,0.293,0.091,0.070,9.960,3.880,-0.737,0
1985,5,0.509,0.226,0.150,0.013,0.006,-0.140,-0.195,0.016,0.424,0.293,0.076,0.055,9.980,3.930,-0.503,0
1985,6,0.482,0.226,0.135,-0.009,-0.015,-0.167,-0.237,-0.006,0.463,0.299,0.091,0.070,10.000,3.990,-0.530,0
1985,7,0.564,0.263,0.177,0.031,0.022,-0.131,-0.195,0.034,0.457,0.305,0.085,0.064,9.950,3.980,-0.493,0
1985,8,0.549,0.250,0.183,0.040,0.034,-0.115,-0.179,0.037,0.430,0.299,0.067,0.064,9.960,3.960,-0.387,0
1985,9,0.363,0.180,0.122,-0.018,-0.024,-0.173,-0.234,-0.027,0.415,0.296,0.058,0.061,10.010,3.930,-0.484,0
1985,10,0.546,0.241,0.168,0.028,0.022,-0.122,-0.189,0.028,0.433,0.290,0.076,0.067,9.880,3.900,-0.554,0
1985,11,1.156,0.330,0.244,0.107,0.101,-0.039,-0.106,0.113,0.436,0.283,0.088,0.064,9.870,3.920,-0.493,0
1985,12,0.519,0.113,0.013,-0.118,-0.125,-0.259,-0.329,-0.106,0.442,0.271,0.101,0.070,9.960,3.980,-0.774,0
1986,1,0.366,-0.036,-0.128,-0.256,-0.262,-0.399,-0.484,-0.259,0.448,0.271,0.091,0.085,9.930,4.090,-0.954,0
1986,2,0.433,0.131,0.055,-0.079,-0.082,-0.219,-0.280,-0.073,0.411,0.271,0.079,0.061,9.990,3.940,-0.600,0
1986,3,0.406,0.064,-0.024,-0.164,-0.167,-0.311,-0.378,-0.158,0.442,0.287,0.088,0.067,10.030,3.980,-0.996,0
1986,4,0.656,0.250,0.180,0.043,0.037,-0.106,-0.170,0.040,0.424,0.290,0.070,0.064,9.970,3.810,-0.542,0
1986,5,0.619,0.259,0.168,0.025,0.019,-0.131,-0.179,0.040,0.439,0.299,0.091,0.049,9.920,3.980,-0.609,0
1986,6,0.537,0.211,0.125,-0.021,-0.027,-0.176,-0.240,-0.015,0.451,0.302,0.085,0.064,10.100,4.010,-0.551,0
1986,7,0.421,0.238,0.159,0.016,0.010,-0.140,-0.204,0.019,0.442,0.299,0.082,0.061,10.080,4.140,-0.381,0
1986,8,0.494,0.269,0.192,0.043,0.040,-0.112,-0.186,0.040,0.454,0.305,0.076,0.073,,,-0.527,0
1986,9,0.427,0.226,0.174,0.025,0.025,-0.125,-0.189,0.019,0.418,0.299,0.052,0.067,,,-0.573,0
1986,10,0.461,0.232,0.159,0.019,0.013,-0.131,-0.192,0.022,0.424,0.290,0.076,0.061,10.010,3.900,-0.417,0
1986,11,0.525,0.174,0.083,-0.058,-0.061,-0.204,-0.283,-0.054,0.460,0.287,0.091,0.079,9.950,3.950,-0.554,0
1986,12,0.796,0.147,0.052,-0.082,-0.088,-0.228,-0.311,-0.082,0.457,0.283,0.094,0.079,9.940,3.890,-0.640,0
1987,1,0.583,0.113,0.019,-0.122,-0.125,-0.265,-0.341,-0.112,0.454,0.283,0.094,0.073,9.900,3.960,-0.783,0
1987,2,0.391,0.046,-0.021,-0.161,-0.164,-0.307,-0.393,-0.173,0.436,0.287,0.067,0.082,9.960,3.970,-1.060,0
1987,3,0.573,0.244,0.183,0.037,0.034,-0.115,-0.155,0.043,0.399,0.299,0.061,0.040,,,-0.536,0
1987,4,0.686,0.278,0.205,0.067,0.061,-0.079,-0.140,0.070,0.415,0.283,0.073,0.058,10.010,3.900,-0.396,0
1987,5,0.369,0.217,0.125,-0.018,-0.027,-0.176,-0.240,-0.012,0.457,0.302,0.091,0.064,9.960,3.940,-0.439,0
1987,6,0.531,0.241,0.159,0.016,0.010,-0.137,-0.198,0.022,0.436,0.296,0.082,0.058,9.970,3.920,-0.469,0
1987,7,0.421,0.256,0.180,0.031,0.025,-0.131,-0.204,0.028,0.463,0.311,0.079,0.073,10.010,3.970,-0.375,0
1987,8,0.451,0.284,0.211,0.061,0.058,-0.097,-0.176,0.055,0.460,0.311,0.073,0.079,,,-0.478,0
1987,9,0.613,0.284,0.229,0.083,0.077,-0.073,-0.143,0.070,0.424,0.302,0.055,0.067,9.930,3.860,-0.387,0
1987,10,0.433,0.159,0.092,-0.051,-0.054,-0.204,-0.277,-0.058,0.436,0.299,0.067,0.070,,,-0.682,0
1987,11,0.531,0.110,0.034,-0.100,-0.106,-0.246,-0.307,-0.100,0.418,0.280,0.073,0.061,,,-0.832,0
1987,12,0.464,0.144,0.061,-0.085,-0.082,-0.225,-0.335,-0.097,0.479,0.287,0.082,0.110,,,-0.807,0
1988,1,0.290,0.031,-0.033,-0.198,-0.182,-0.335,-0.402,-0.186,0.433,0.299,0.064,0.067,,,-0.914,0
1988,2,0.415,0.089,0.016,-0.134,-0.131,-0.277,-0.368,-0.140,0.460,0.290,0.076,0.094,,,-0.810,0
1988,3,0.217,0.025,-0.030,-0.167,-0.170,-0.311,-0.362,-0.167,0.387,0.280,0.055,0.052,,,-0.545,0
1988,4,0.662,0.263,0.192,0.043,0.043,-0.106,-0.161,0.052,0.424,0.299,0.070,0.055,,,-0.499,0
1988,5,0.540,0.266,0.180,0.040,0.034,-0.112,-0.179,0.043,0.445,0.293,0.085,0.067,9.970,3.930,-0.548,0
1988,6,0.576,0.214,0.138,-0.003,-0.012,-0.161,-0.237,-0.012,0.451,0.299,0.076,0.079,10.050,4.010,-0.423,0
1988,7,0.323,0.189,0.122,-0.021,-0.027,-0.179,-0.234,-0.024,0.424,0.302,0.064,0.058,10.040,3.930,-0.390,0
1988,8,0.537,0.232,0.165,0.016,0.010,-0.146,-0.213,0.010,0.445,0.311,0.067,0.067,10.010,4.020,-0.484,0
1988,9,0.366,0.195,0.144,-0.003,-0.009,-0.161,-0.231,-0.018,0.427,0.302,0.052,0.073,,,-0.466,0
1988,10,0.494,0.153,0.086,-0.048,-0.051,-0.192,-0.259,-0.054,0.411,0.277,0.064,0.067,,,-0.621,0
1988,11,0.455,0.116,0.025,-0.103,-0.106,-0.240,-0.307,-0.097,0.424,0.265,0.091,0.067,9.980,4.030,-0.655,0
1988,12,0.311,0.006,-0.054,-0.195,-0.192,-0.329,-0.411,-0.204,0.418,0.274,0.064,0.082,,,-0.698,0
1989,1,0.464,0.040,-0.030,-0.167,-0.170,-0.311,-0.390,-0.176,0.430,0.280,0.070,0.079,10.000,3.990,-0.832,0
1989,2,0.394,0.022,-0.061,-0.198,-0.207,-0.350,-0.420,-0.201,0.442,0.293,0.079,0.070,,,-0.865,0
1989,3,0.384,0.119,0.040,-0.109,-0.106,-0.253,-0.326,-0.103,0.448,0.293,0.079,0.076,,,-0.813,0
1989,4,0.293,0.116,0.046,-0.094,-0.100,-0.243,-0.298,-0.091,0.415,0.290,0.073,0.055,10.010,3.910,-0.576,0
1989,5,0.537,0.205,0.131,-0.009,-0.015,-0.158,-0.222,-0.009,0.427,0.290,0.076,0.061,10.070,4.000,-0.448,0
1989,6,0.394,0.247,0.162,0.016,0.010,-0.143,-0.210,0.019,0.457,0.305,0.085,0.064,10.170,4.070,-0.439,0
1989,7,0.525,0.272,0.186,0.037,0.031,-0.125,-0.207,0.034,0.479,0.311,0.085,0.082,10.060,4.020,-0.371,0
1989,8,0.418,0.263,0.189,0.043,0.040,-0.112,-0.176,0.043,0.436,0.302,0.070,0.064,10.050,4.000,-0.353,0
1989,9,0.851,0.287,0.223,0.086,0.067,-0.088,-0.158,0.064,0.448,0.311,0.064,0.070,,,-0.606,0
1989,10,0.726,0.220,0.147,0.000,-0.003,-0.149,-0.225,-0.003,0.445,0.296,0.076,0.073,,,-0.524,0
1989,11,0.433,0.153,0.061,-0.094,-0.082,-0.228,-0.329,-0.088,0.482,0.287,0.091,0.104,,,-1.118,0
1989,12,0.369,-0.009,-0.100,-0.262,-0.253,-0.402,-0.487,-0.250,0.479,0.302,0.091,0.085,,,-0.911,0
1990,1,0.266,0.043,-0.039,-0.179,-0.186,-0.329,-0.408,-0.182,0.451,0.290,0.085,0.079,10.050,4.040,-0.634,0
1990,2,0.354,0.101,-0.006,-0.155,-0.158,-0.311,-0.411,-0.155,0.512,0.305,0.107,0.101,,,-1.030,0
1990,3,0.232,0.080,0.000,-0.140,-0.146,-0.292,-0.347,-0.134,0.424,0.293,0.079,0.052,10.130,3.950,-0.685,0
1990,4,0.378,0.125,0.052,-0.103,-0.103,-0.259,-0.317,-0.094,0.442,0.308,0.073,0.058,,,-0.688,0
1990,5,0.552,0.241,0.153,0.006,0.003,-0.149,-0.216,0.013,0.457,0.299,0.088,0.070,10.120,3.900,-0.432,0
1990,6,0.464,0.214,0.135,-0.012,-0.018,-0.170,-0.246,-0.015,0.460,0.308,0.079,0.073,10.180,3.990,-0.637,0
1990,7,0.455,0.235,0.168,0.019,0.013,-0.143,-0.207,0.016,0.442,0.308,0.070,0.064,,,-0.524,0
1990,8,0.503,0.281,0.211,0.061,0.058,-0.091,-0.158,0.061,0.442,0.302,0.073,0.067,9.900,3.940,-0.423,0
1990,9,0.543,0.263,0.195,0.055,0.049,-0.094,-0.170,0.046,0.433,0.293,0.067,0.073,9.950,3.960,-0.384,0
1990,10,0.644,0.238,0.171,0.013,0.016,-0.137,-0.228,0.003,0.466,0.311,0.064,0.088,,,-0.634,0
1990,11,0.561,0.144,0.046,-0.091,-0.100,-0.246,-0.326,-0.091,0.469,0.293,0.098,0.082,,,-0.826,0
1990,12,0.592,0.119,0.019,-0.122,-0.125,-0.268,-0.359,-0.118,0.479,0.287,0.101,0.088,10.000,4.040,-0.734,0
1991,1,0.430,0.125,0.052,-0.088,-0.091,-0.231,-0.317,-0.097,0.442,0.283,0.073,0.085,10.090,3.970,-0.768,0
1991,2,0.473,0.061,-0.009,-0.143,-0.146,-0.283,-0.359,-0.149,0.421,0.274,0.070,0.076,10.080,3.950,-0.673,0
1991,3,0.415,0.195,0.125,-0.012,-0.018,-0.161,-0.222,-0.012,0.418,0.287,0.070,0.061,9.990,3.890,-0.527,0
1991,4,0.519,0.183,0.101,-0.036,-0.045,-0.192,-0.246,-0.030,0.430,0.293,0.082,0.058,10.170,3.990,-0.527,0
1991,5,0.519,0.229,0.147,0.003,-0.006,-0.155,-0.213,0.006,0.442,0.302,0.082,0.058,9.990,3.910,-0.387,0
1991,6,0.491,0.269,0.174,0.031,0.022,-0.131,-0.179,0.046,0.448,0.305,0.094,0.049,10.000,3.960,-0.384,0
1991,7,0.491,0.275,0.202,0.052,0.046,-0.109,-0.182,0.046,0.457,0.311,0.073,0.073,10.070,4.010,-0.378,0
1991,8,0.634,0.235,0.177,0.025,0.022,-0.134,-0.189,0.025,0.424,0.311,0.061,0.052,9.990,4.000,-0.350,0
1991,9,0.491,0.238,0.183,0.037,0.034,-0.115,-0.182,0.028,0.421,0.299,0.058,0.067,9.900,3.910,-0.512,0
1991,10,0.549,0.189,0.141,0.003,-0.003,-0.143,-0.213,-0.012,0.402,0.283,0.049,0.070,10.110,4.020,-0.509,0
1991,11,0.872,0.192,0.113,-0.027,-0.030,-0.170,-0.240,-0.024,0.430,0.287,0.079,0.067,9.940,3.980,-0.597,0
1991,12,0.448,0.034,-0.033,-0.167,-0.170,-0.307,-0.387,-0.176,0.418,0.271,0.067,0.079,9.970,3.970,-0.847,0
1992,1,0.549,0.113,0.031,-0.106,-0.112,-0.259,-0.338,-0.112,0.451,0.290,0.082,0.079,,,-0.853,0
1992,2,0.525,0.113,0.070,-0.079,-0.076,-0.222,-0.286,-0.088,0.399,0.290,0.043,0.064,,,-0.756,0
1992,3,0.384,0.101,0.028,-0.106,-0.109,-0.243,-0.304,-0.100,0.405,0.274,0.073,0.058,,,-0.582,0
1992,4,0.485,0.186,0.119,-0.015,-0.018,-0.158,-0.204,-0.009,0.390,0.277,0.067,0.046,10.030,3.850,-0.515,0
1992,5,0.586,0.253,0.177,0.037,0.028,-0.118,-0.176,0.037,0.430,0.299,0.073,0.058,10.010,3.890,-0.344,0
1992,6,0.464,0.287,0.211,0.067,0.061,-0.088,-0.146,0.070,0.433,0.302,0.076,0.055,10.180,4.120,-0.338,0
1992,7,0.543,0.281,0.214,0.064,0.058,-0.097,-0.170,0.055,0.451,0.311,0.067,0.073,10.230,4.260,-0.314,0
1992,8,0.619,0.247,0.186,0.034,0.031,-0.125,-0.201,0.025,0.445,0.311,0.061,0.076,10.010,3.950,-0.472,0
1992,9,0.512,0.241,0.183,0.040,0.034,-0.112,-0.176,0.034,0.418,0.296,0.058,0.064,10.010,3.830,-0.484,0
1992,10,0.656,0.235,0.162,0.013,0.013,-0.137,-0.216,0.010,0.448,0.299,0.070,0.076,,,-0.560,0
1992,11,0.552,0.226,0.153,0.019,0.016,-0.122,-0.195,0.016,0.424,0.274,0.073,0.073,9.990,3.970,-0.399,0
1992,12,0.650,0.138,0.064,-0.100,-0.082,-0.228,-0.335,-0.100,0.472,0.293,0.073,0.110,,,-1.085,0
1993,1,0.479,0.156,0.077,-0.061,-0.064,-0.204,-0.295,-0.070,0.451,0.280,0.079,0.091,9.990,4.020,-0.713,0
1993,2,0.436,0.153,0.067,-0.100,-0.082,-0.231,-0.311,-0.079,0.463,0.299,0.085,0.079,,,-0.960,0
1993,3,0.714,0.211,0.125,-0.054,-0.030,-0.186,-0.259,-0.024,0.469,0.311,0.085,0.073,,,-1.033,0
1993,4,0.592,0.327,0.250,0.095,0.095,-0.058,-0.112,0.107,0.436,0.305,0.076,0.055,,,-0.728,0
1993,5,0.424,0.278,0.208,0.058,0.052,-0.106,-0.146,0.064,0.427,0.314,0.070,0.040,10.170,4.010,-0.405,0
1993,6,0.445,0.253,0.171,0.019,0.010,-0.152,-0.213,0.019,0.466,0.320,0.082,0.064,10.140,4.040,-0.393,0
1993,7,0.537,0.281,0.208,0.055,0.049,-0.112,-0.173,0.052,0.454,0.320,0.070,0.061,10.060,4.000,-0.350,0
1993,8,0.494,0.314,0.250,0.101,0.095,-0.061,-0.131,0.092,0.445,0.311,0.064,0.070,9.980,3.990,-0.308,0
1993,9,0.494,0.287,0.220,0.080,0.067,-0.085,-0.140,0.074,0.427,0.305,0.067,0.055,,,-0.381,0
1993,10,0.589,0.250,0.183,0.034,0.037,-0.112,-0.179,0.037,0.430,0.296,0.067,0.067,,,-0.560,0
1993,11,0.839,0.162,0.092,-0.045,-0.051,-0.198,-0.286,-0.064,0.448,0.290,0.070,0.091,,,-0.661,0
1993,12,0.570,0.192,0.104,-0.030,-0.036,-0.173,-0.262,-0.033,0.457,0.274,0.091,0.091,9.990,3.860,-0.777,0
1994,1,0.631,-0.039,-0.140,-0.268,-0.286,-0.432,-0.493,-0.268,0.457,0.293,0.101,0.064,,,-1.024,0
1994,2,0.583,0.093,0.021,-0.121,-0.124,-0.268,-0.331,-0.119,0.424,0.289,0.072,0.063,,,-0.780,0
1994,3,0.634,0.180,0.084,-0.057,-0.062,-0.207,-0.284,-0.052,0.464,0.291,0.096,0.077,10.040,3.990,-0.643,0
1994,4,0.458,0.173,0.092,-0.057,-0.060,-0.212,-0.272,-0.050,0.445,0.304,0.081,0.060,10.290,4.120,-0.530,0
1994,5,0.479,0.249,0.152,0.004,-0.001,-0.154,-0.225,0.012,0.474,0.306,0.097,0.071,10.040,3.920,-0.627,0
1994,6,0.421,0.241,0.171,0.018,0.012,-0.146,-0.201,0.020,0.442,0.317,0.070,0.055,10.160,4.040,-0.387,0
1994,7,0.445,0.239,0.173,0.018,0.014,-0.145,-0.202,0.018,0.441,0.318,0.066,0.057,10.170,4.070,-0.347,0
1994,8,0.546,0.240,0.173,0.025,0.020,-0.133,-0.202,0.019,0.442,0.306,0.067,0.069,10.180,4.020,-0.548,0
1994,9,0.525,0.249,0.191,0.039,0.034,-0.122,-0.196,0.026,0.445,0.313,0.058,0.074,10.040,4.000,-0.506,0
1994,10,0.506,0.256,0.195,0.052,0.048,-0.099,-0.151,0.052,0.407,0.294,0.061,0.052,10.020,3.890,-0.475,0
1994,11,0.506,0.147,0.072,-0.088,-0.081,-0.234,-0.319,-0.086,0.466,0.306,0.075,0.085,,,-0.905,0
1994,12,0.421,0.168,0.092,-0.047,-0.052,-0.196,-0.267,-0.050,0.435,0.288,0.076,0.071,9.990,3.950,-0.609,0
1995,1,0.540,0.029,-0.043,-0.189,-0.191,-0.339,-0.412,-0.192,0.441,0.296,0.072,0.073,9.990,3.940,-0.756,0
1995,2,0.287,-0.097,-0.158,-0.301,-0.304,-0.449,-0.513,-0.305,0.416,0.291,0.061,0.064,10.150,4.050,-0.984,0
1995,3,0.375,0.117,0.057,-0.101,-0.095,-0.247,-0.301,-0.092,0.418,0.304,0.060,0.054,,,-0.850,0
1995,4,0.381,0.149,0.081,-0.076,-0.072,-0.225,-0.291,-0.071,0.440,0.306,0.068,0.066,,,-0.838,0
1995,5,0.531,0.274,0.198,0.055,0.048,-0.101,-0.159,0.058,0.433,0.299,0.076,0.058,10.010,3.930,-0.521,0
1995,6,0.485,0.257,0.190,0.040,0.036,-0.118,-0.178,0.039,0.435,0.308,0.067,0.060,9.990,3.840,-0.378,0
1995,7,0.445,0.274,0.211,0.059,0.053,-0.104,-0.158,0.058,0.432,0.315,0.063,0.054,10.090,3.910,-0.371,0
1995,8,0.744,0.373,0.323,0.170,0.165,0.007,-0.067,0.153,0.440,0.316,0.050,0.074,9.960,3.870,-0.384,0
1995,9,0.500,0.346,0.271,0.123,0.117,-0.036,-0.102,0.122,0.448,0.307,0.075,0.066,9.910,3.910,-0.472,0
1995,10,0.607,0.291,0.230,0.085,0.079,-0.072,-0.139,0.076,0.430,0.302,0.061,0.067,9.990,3.930,-0.457,0
1995,11,0.622,0.182,0.109,-0.033,-0.038,-0.184,-0.265,-0.042,0.447,0.293,0.073,0.081,,,-0.503,0
1995,12,0.525,0.065,-0.004,-0.138,-0.145,-0.285,-0.340,-0.138,0.405,0.281,0.069,0.055,10.030,3.930,-0.673,0
1996,1,0.700,0.232,0.130,-0.006,-0.016,-0.161,-0.227,0.002,0.459,0.291,0.102,0.066,,,-0.471,0
1996,2,0.285,0.089,0.016,-0.126,-0.129,-0.274,-0.351,-0.131,0.440,0.290,0.073,0.077,10.200,4.080,-0.672,0
1996,3,0.775,0.119,0.060,-0.076,-0.082,-0.224,-0.284,-0.083,0.403,0.284,0.059,0.060,10.210,4.050,-0.619,0
1996,4,0.675,0.254,0.160,0.020,0.014,-0.133,-0.216,0.019,0.470,0.293,0.094,0.083,10.160,4.030,-0.643,0
1996,5,0.424,0.262,0.195,0.051,0.045,-0.104,-0.159,0.051,0.421,0.299,0.067,0.055,10.130,4.010,-0.599,0
1996,6,0.528,0.321,0.252,0.099,0.092,-0.067,-0.124,0.099,0.445,0.319,0.069,0.057,10.100,3.960,-0.287,0
1996,7,0.535,0.312,0.232,0.070,0.065,-0.101,-0.171,0.071,0.483,0.333,0.080,0.070,10.120,4.070,-0.447,0
1996,8,0.507,0.326,0.277,0.116,0.111,-0.056,-0.106,0.110,0.432,0.333,0.049,0.050,10.040,3.950,-0.319,0
1996,9,1.241,0.472,0.399,0.263,0.241,0.084,0.016,0.244,0.456,0.315,0.073,0.068,,,-0.286,0
1996,10,0.678,0.384,0.309,0.163,0.157,0.006,-0.067,0.158,0.451,0.303,0.075,0.073,9.960,3.940,-0.360,0
1996,11,0.610,0.272,0.194,0.057,0.052,-0.090,-0.154,0.059,0.426,0.284,0.078,0.064,10.140,4.070,-0.690,0
1996,12,0.762,0.318,0.238,0.090,0.087,-0.064,-0.134,0.092,0.452,0.302,0.080,0.070,,,-0.520,0
1997,1,0.623,0.188,0.084,-0.067,-0.066,-0.216,-0.301,-0.057,0.489,0.300,0.104,0.085,,,-0.763,0
1997,2,0.417,0.189,0.121,-0.035,-0.037,-0.194,-0.265,-0.038,0.454,0.315,0.068,0.071,,,-0.540,0
1997,3,0.534,0.244,0.153,0.008,0.008,-0.137,-0.224,0.010,0.468,0.290,0.091,0.087,,,-0.613,0
1997,4,0.659,0.293,0.214,0.031,0.058,-0.098,-0.170,0.061,0.463,0.312,0.079,0.072,10.100,,-1.090,0
1997,5,0.474,0.223,0.142,-0.002,-0.008,-0.158,-0.220,0.001,0.443,0.300,0.081,0.062,10.040,3.980,-0.450,0
1997,6,0.654,0.363,0.301,0.150,0.144,-0.013,-0.052,0.155,0.415,0.314,0.062,0.039,10.050,3.940,-0.229,0
1997,7,0.503,0.286,0.214,0.062,0.054,-0.106,-0.160,0.063,0.446,0.320,0.072,0.054,10.120,4.000,-0.343,0
1997,8,0.560,0.294,0.241,0.090,0.084,-0.073,-0.135,0.079,0.429,0.314,0.053,0.062,10.060,3.990,-0.342,0
1997,9,0.587,0.299,0.233,0.092,0.085,-0.062,-0.129,0.085,0.428,0.295,0.066,0.067,10.030,4.030,-0.459,0
1997,10,0.560,0.267,0.209,0.064,0.057,-0.095,-0.143,0.062,0.410,0.304,0.058,0.048,,,-0.372,0
1997,11,0.543,0.228,0.160,0.026,0.020,-0.119,-0.180,0.024,0.408,0.279,0.068,0.061,10.040,3.900,-0.682,0
1997,12,0.465,0.173,0.092,-0.048,-0.050,-0.193,-0.264,-0.046,0.437,0.285,0.081,0.071,,,-0.642,0
1998,1,0.750,0.254,0.167,0.026,0.025,-0.116,-0.193,0.030,0.447,0.283,0.087,0.077,9.970,3.820,-0.886,0
1998,2,0.791,0.331,0.270,0.136,0.121,-0.028,-0.085,0.123,0.416,0.298,0.061,0.057,,,-0.544,0
1998,3,0.850,0.213,0.142,0.002,-0.009,-0.159,-0.220,-0.004,0.433,0.301,0.071,0.061,,,-0.682,0
1998,4,0.591,0.305,0.240,0.089,0.085,-0.070,-0.120,0.092,0.425,0.310,0.065,0.050,10.130,3.970,-0.404,0
1998,5,0.699,0.361,0.290,0.145,0.139,-0.012,-0.057,0.152,0.418,0.302,0.071,0.045,10.170,4.000,-0.280,0
1998,6,0.563,0.302,0.233,0.080,0.073,-0.087,-0.137,0.083,0.439,0.320,0.069,0.050,,,-0.426,0
1998,7,0.437,0.300,0.245,0.087,0.082,-0.081,-0.131,0.084,0.431,0.326,0.055,0.050,,,-0.299,0
1998,8,0.574,0.350,0.286,0.136,0.131,-0.023,-0.081,0.135,0.431,0.309,0.064,0.058,,,-0.350,0
1998,9,0.508,0.331,0.273,0.127,0.123,-0.026,-0.091,0.120,0.422,0.299,0.058,0.065,10.050,3.960,-0.338,0
1998,10,0.676,0.233,0.163,0.022,0.009,-0.145,-0.208,0.012,0.441,0.308,0.070,0.063,,,-0.432,0
1998,11,0.431,0.171,0.106,-0.042,-0.045,-0.196,-0.262,-0.046,0.433,0.302,0.065,0.066,,,-0.540,0
1998,12,0.319,0.128,0.046,-0.094,-0.099,-0.244,-0.309,-0.091,0.437,0.290,0.082,0.065,10.140,4.110,-0.561,0
1999,1,0.556,0.084,0.002,-0.150,-0.152,-0.305,-0.388,-0.152,0.472,0.307,0.082,0.083,,,-0.676,0
1999,2,0.336,0.179,0.112,-0.030,-0.037,-0.185,-0.241,-0.031,0.420,0.297,0.067,0.056,,,-0.726,0
1999,3,0.433,0.057,0.026,-0.131,-0.122,-0.269,-0.325,-0.134,0.382,0.295,0.031,0.056,,,-0.790,0
1999,4,0.476,0.226,0.159,0.014,0.008,-0.142,-0.192,0.017,0.418,0.301,0.067,0.050,10.110,3.880,-0.437,0
1999,5,0.488,0.277,0.206,0.060,0.053,-0.100,-0.141,0.068,0.418,0.306,0.071,0.041,10.040,3.970,-0.383,0
1999,6,0.499,0.260,0.187,0.040,0.032,-0.123,-0.166,0.047,0.426,0.310,0.073,0.043,10.100,4.010,-0.445,0
1999,7,0.564,0.265,0.204,0.052,0.046,-0.113,-0.171,0.047,0.436,0.317,0.061,0.058,10.110,3.990,-0.375,0
1999,8,0.456,0.312,0.243,0.093,0.087,-0.068,-0.129,0.091,0.441,0.311,0.069,0.061,10.010,3.910,-0.398,0
1999,9,0.738,0.330,0.270,0.109,0.112,-0.045,-0.109,0.110,0.439,0.315,0.060,0.064,,,-0.603,0
1999,10,0.446,0.239,0.168,0.011,0.011,-0.146,-0.205,0.017,0.444,0.314,0.071,0.059,,,-0.523,0
1999,11,0.681,0.134,0.056,-0.088,-0.098,-0.252,-0.318,-0.092,0.452,0.308,0.078,0.066,,,-0.690,0
1999,12,0.401,0.073,0.003,-0.144,-0.143,-0.289,-0.370,-0.149,0.443,0.292,0.070,0.081,,,-0.737,0
2000,1,0.371,-0.047,-0.142,-0.294,-0.293,-0.444,-0.538,-0.292,0.491,0.302,0.095,0.094,,,-1.080,0
2000,2,0.234,-0.047,-0.108,-0.249,-0.256,-0.405,-0.457,-0.252,0.410,0.297,0.061,0.052,,,-0.831,0
2000,3,0.425,0.136,0.075,-0.068,-0.069,-0.212,-0.281,-0.073,0.417,0.287,0.061,0.069,,,-0.678,0
2000,4,0.706,0.180,0.118,-0.022,-0.026,-0.170,-0.233,-0.026,0.413,0.288,0.062,0.063,10.140,4.000,-0.683,0
2000,5,,0.267,0.203,0.057,0.051,-0.101,-0.159,0.054,0.426,0.304,0.064,0.058,10.130,4.020,,0
2000,6,,0.237,0.167,0.017,0.011,-0.145,-0.203,0.017,0.440,0.312,0.070,0.058,10.090,4.010,,0
2000,7,,0.310,0.242,0.085,0.081,-0.080,-0.140,0.085,0.450,0.322,0.068,0.060,10.020,4.000,,0
2000,8,0.465,0.282,0.221,0.066,0.061,-0.098,-0.164,0.059,0.446,0.319,0.061,0.066,10.050,4.000,-0.371,0
2000,9,0.522,0.286,0.227,0.083,0.077,-0.073,-0.135,0.075,0.421,0.300,0.059,0.062,10.050,4.000,-0.336,0
2000,10,0.507,0.199,0.133,-0.009,-0.014,-0.162,-0.212,-0.007,0.411,0.295,0.066,0.050,10.140,4.050,-0.538,0
2000,11,0.525,0.199,0.110,-0.025,-0.030,-0.171,-0.243,-0.022,0.442,0.281,0.089,0.072,10.150,4.100,-0.727,0
2000,12,,-0.010,-0.106,-0.237,-0.242,-0.378,-0.466,-0.238,0.456,0.272,0.096,0.088,10.110,3.990,,0
2001,1,0.278,0.038,-0.020,-0.157,-0.162,-0.304,-0.367,-0.165,0.405,0.284,0.058,0.063,10.050,3.920,-0.753,0
2001,2,0.258,0.038,-0.026,-0.168,-0.170,-0.313,-0.384,-0.173,0.422,0.287,0.064,0.071,,,-0.658,0
2001,3,0.501,0.133,0.066,-0.072,-0.074,-0.214,-0.292,-0.079,0.425,0.280,0.067,0.078,,,-0.665,0
2001,4,0.433,0.197,0.125,-0.012,-0.018,-0.161,-0.203,-0.003,0.400,0.286,0.072,0.042,10.050,3.890,-0.537,0
2001,5,0.560,0.282,0.212,0.068,0.062,-0.088,-0.134,0.074,0.416,0.300,0.070,0.046,10.070,3.890,-0.387,0
2001,6,0.515,0.265,0.184,0.039,0.032,-0.119,-0.172,0.046,0.437,0.303,0.081,0.053,10.100,3.930,-0.483,0
2001,7,0.534,0.298,0.214,0.070,0.062,-0.090,-0.154,0.072,0.452,0.304,0.084,0.064,10.090,4.050,-0.461,0
2001,8,0.496,0.298,0.223,0.077,0.071,-0.081,-0.140,0.079,0.438,0.304,0.075,0.059,10.020,4.030,-0.398,0
2001,9,0.664,0.334,0.270,0.127,0.118,-0.033,-0.091,0.121,0.425,0.303,0.064,0.058,,,-0.400,0
2001,10,0.697,0.230,0.160,0.022,0.018,-0.125,-0.175,0.027,0.405,0.285,0.070,0.050,10.080,3.960,-0.599,0
2001,11,0.486,0.190,0.122,-0.023,-0.025,-0.171,-0.227,-0.018,0.417,0.293,0.068,0.056,,,-0.502,0
2001,12,0.431,0.157,0.089,-0.053,-0.056,-0.201,-0.271,-0.057,0.428,0.290,0.068,0.070,,,-0.618,0
2002,1,0.212,-0.002,-0.073,-0.206,-0.212,-0.351,-0.415,-0.208,0.413,0.278,0.071,0.064,10.010,3.880,-0.678,0
2002,2,0.361,0.124,0.057,-0.085,-0.083,-0.223,-0.296,-0.086,0.420,0.280,0.067,0.073,,,-0.822,0
2002,3,0.414,0.056,-0.010,-0.155,-0.152,-0.294,-0.366,-0.155,0.422,0.284,0.066,0.072,,,-0.684,0
2002,4,0.488,0.155,0.073,-0.069,-0.073,-0.218,-0.287,-0.066,0.442,0.291,0.082,0.069,,,-0.684,0
2002,5,0.435,0.191,0.107,-0.030,-0.037,-0.180,-0.230,-0.020,0.421,0.287,0.084,0.050,10.150,3.930,-0.433,0
2002,6,0.607,0.295,0.211,0.068,0.061,-0.088,-0.143,0.076,0.438,0.299,0.084,0.055,10.080,3.910,-0.415,0
2002,7,0.480,0.262,0.192,0.051,0.043,-0.105,-0.167,0.047,0.429,0.297,0.070,0.062,10.100,4.040,-0.378,0
2002,8,0.462,0.304,0.237,0.088,0.088,-0.060,-0.130,0.087,0.434,0.297,0.067,0.070,,,-0.554,0
2002,9,0.676,0.340,0.277,0.134,0.128,-0.020,-0.077,0.131,0.417,0.297,0.063,0.057,,,-0.296,0
2002,10,0.632,0.366,0.292,0.149,0.147,0.003,-0.094,0.136,0.460,0.289,0.074,0.097,,,-0.292,0
2002,11,0.384,0.158,0.089,-0.052,-0.050,-0.189,-0.264,-0.053,0.422,0.278,0.069,0.075,,,-0.581,0
2002,12,0.471,0.121,0.027,-0.115,-0.123,-0.273,-0.356,-0.118,0.477,0.300,0.094,0.083,,,-0.912,0
2003,1,0.511,0.043,-0.021,-0.176,-0.165,-0.308,-0.397,-0.177,0.440,0.287,0.064,0.089,,,-1.068,0
2003,2,0.359,0.019,-0.051,-0.188,-0.195,-0.339,-0.396,-0.189,0.415,0.288,0.070,0.057,,,-0.709,0
2003,3,0.649,0.214,0.142,-0.004,-0.005,-0.151,-0.233,-0.010,0.447,0.293,0.072,0.082,,,-0.589,0
2003,4,0.586,0.280,0.209,0.062,0.055,-0.099,-0.161,0.059,0.441,0.308,0.071,0.062,,,-0.428,0
2003,5,0.547,0.320,0.246,0.098,0.092,-0.062,-0.116,0.102,0.436,0.308,0.074,0.054,10.080,3.970,-0.372,0
2003,6,0.494,0.325,0.237,0.095,0.087,-0.063,-0.131,0.097,0.456,0.300,0.088,0.068,10.030,3.930,-0.449,0
2003,7,0.586,0.307,0.224,0.072,0.064,-0.095,-0.157,0.075,0.464,0.319,0.083,0.062,,,-0.364,0
2003,8,0.429,0.306,0.245,0.086,0.084,-0.076,-0.135,0.085,0.441,0.321,0.061,0.059,,,-0.342,0
2003,9,1.948,0.460,0.364,0.230,0.198,0.032,-0.033,0.213,0.493,0.332,0.096,0.065,,,-0.352,0
2003,10,0.675,0.311,0.217,0.074,0.066,-0.085,-0.149,0.081,0.460,0.302,0.094,0.064,,,-0.448,0
2003,11,0.639,0.278,0.190,0.036,0.040,-0.109,-0.207,0.035,0.485,0.299,0.088,0.098,,,-0.940,0
2003,12,0.715,0.134,0.056,-0.082,-0.090,-0.235,-0.333,-0.100,0.467,0.291,0.078,0.098,,,-0.653,0
2004,1,0.306,0.002,-0.089,-0.251,-0.243,-0.396,-0.481,-0.240,0.483,0.307,0.091,0.085,,,-0.915,0
2004,2,0.406,0.088,0.013,-0.125,-0.136,-0.285,-0.353,-0.133,0.441,0.298,0.075,0.068,,,-0.571,0
2004,3,0.562,0.183,0.104,-0.027,-0.034,-0.173,-0.238,-0.028,0.421,0.277,0.079,0.065,9.940,3.900,-0.573,0
2004,4,0.451,0.179,0.104,-0.042,-0.045,-0.193,-0.262,-0.042,0.441,0.297,0.075,0.069,,,-0.793,0
2004,5,0.466,0.261,0.180,0.037,0.029,-0.122,-0.176,0.042,0.437,0.302,0.081,0.054,10.090,3.980,-0.465,0
2004,6,0.503,0.316,0.238,0.088,0.081,-0.076,-0.139,0.088,0.455,0.314,0.078,0.063,10.050,3.960,-0.298,0
2004,7,0.541,0.358,0.284,0.130,0.124,-0.035,-0.090,0.134,0.448,0.319,0.074,0.055,,,-0.232,0
2004,8,0.513,0.352,0.283,0.132,0.126,-0.031,-0.091,0.130,0.443,0.314,0.069,0.060,,,-0.328,0
2004,9,0.820,0.457,0.384,0.208,0.218,0.053,-0.035,0.211,0.492,0.331,0.073,0.088,,,-0.610,0
2004,10,0.808,0.435,0.375,0.225,0.224,0.074,0.003,0.219,0.432,0.301,0.060,0.071,,,-0.313,0
2004,11,0.569,0.280,0.196,0.043,0.043,-0.109,-0.183,0.048,0.463,0.305,0.084,0.074,,,-0.566,0
2004,12,0.618,0.220,0.128,-0.033,-0.029,-0.186,-0.272,-0.026,0.492,0.314,0.092,0.086,,,-0.705,0
2005,1,0.495,0.212,0.136,-0.036,-0.017,-0.170,-0.262,-0.025,0.474,0.306,0.076,0.092,,,-0.819,0
2005,2,0.505,0.219,0.161,0.015,0.013,-0.134,-0.197,0.011,0.416,0.295,0.058,0.063,,,-0.565,0
2005,3,0.541,0.226,0.135,-0.012,-0.007,-0.149,-0.227,-0.001,0.453,0.284,0.091,0.078,,,-0.886,0
2005,4,0.743,0.379,0.291,0.148,0.142,-0.007,-0.078,0.151,0.457,0.298,0.088,0.071,9.920,3.860,-0.260,0
2005,5,0.660,0.398,0.298,0.155,0.146,-0.005,-0.074,0.162,0.472,0.303,0.100,0.069,,,-0.283,0
2005,6,0.530,0.372,0.298,0.156,0.148,-0.001,-0.055,0.158,0.427,0.299,0.074,0.054,9.940,3.880,-0.277,0
2005,7,0.738,0.394,0.312,0.163,0.154,-0.003,-0.063,0.165,0.457,0.315,0.082,0.060,,,-0.223,0
2005,8,0.565,0.387,0.324,0.180,0.173,0.023,-0.049,0.169,0.436,0.301,0.063,0.072,,,-0.252,0
2005,9,0.626,0.357,0.300,0.151,0.151,0.003,-0.081,0.138,0.438,0.297,0.057,0.084,,,-0.462,0
2005,10,0.681,0.322,0.264,0.129,0.122,-0.020,-0.072,0.125,0.394,0.284,0.058,0.052,,,-0.354,0
2005,11,0.478,0.212,0.149,-0.012,-0.003,-0.155,-0.239,-0.014,0.451,0.304,0.063,0.084,,,-0.619,0
2005,12,0.478,0.122,0.037,-0.105,-0.110,-0.257,-0.330,-0.104,0.452,0.294,0.085,0.073,,,-0.579,0
2006,1,0.639,0.176,0.106,-0.075,-0.049,-0.204,-0.322,-0.073,0.498,0.310,0.070,0.118,,,-1.098,0
2006,2,0.645,0.160,0.072,-0.094,-0.083,-0.238,-0.331,-0.086,0.491,0.310,0.088,0.093,,,-0.806,0
2006,3,0.336,0.118,0.059,-0.085,-0.089,-0.236,-0.283,-0.083,0.401,0.295,0.059,0.047,,,-0.592,0
2006,4,0.539,0.267,0.181,0.037,0.030,-0.121,-0.178,0.044,0.445,0.302,0.086,0.057,9.980,3.850,-0.514,0
2006,5,0.674,0.366,0.273,0.132,0.123,-0.028,-0.091,0.137,0.457,0.301,0.093,0.063,9.890,3.840,-0.309,0
2006,6,0.606,0.312,0.243,0.102,0.099,-0.045,-0.102,0.105,0.414,0.288,0.069,0.057,,,-0.364,0
2006,7,0.523,0.292,0.226,0.080,0.077,-0.071,-0.137,0.077,0.429,0.297,0.066,0.066,,,-0.355,0
2006,8,0.557,0.363,0.286,0.143,0.135,-0.015,-0.089,0.137,0.452,0.301,0.077,0.074,,,-0.422,0
2006,9,0.854,0.440,0.384,0.233,0.228,0.073,-0.002,0.219,0.442,0.311,0.056,0.075,,,-0.350,0
2006,10,0.870,0.346,0.271,0.136,0.119,-0.032,-0.094,0.126,0.440,0.303,0.075,0.062,,,-0.455,0
2006,11,0.885,0.303,0.222,0.089,0.077,-0.068,-0.121,0.091,0.424,0.290,0.081,0.053,,,-0.602,0
2006,12,0.428,0.107,0.023,-0.134,-0.133,-0.288,-0.378,-0.135,0.485,0.311,0.084,0.090,,,-0.910,0
2007,1,0.482,0.081,-0.011,-0.180,-0.177,-0.343,-0.440,-0.179,0.521,0.332,0.092,0.097,,,-0.861,0
2007,2,0.297,-0.132,-0.233,-0.378,-0.379,-0.525,-0.630,-0.381,0.498,0.292,0.101,0.105,,,-1.063,0
2007,3,0.558,0.018,-0.039,-0.181,-0.182,-0.325,-0.400,-0.191,0.418,0.286,0.057,0.075,,,-0.993,0
2007,4,0.582,0.172,0.096,-0.054,-0.050,-0.196,-0.256,-0.042,0.428,0.292,0.076,0.060,,,-0.755,0
2007,5,0.506,0.235,0.154,0.004,-0.002,-0.158,-0.219,0.008,0.454,0.312,0.081,0.061,,,-0.532,0
2007,6,0.714,0.359,0.274,0.129,0.121,-0.031,-0.091,0.134,0.450,0.305,0.085,0.060,,,-0.347,0
2007,7,0.452,0.327,0.243,0.101,0.091,-0.061,-0.117,0.105,0.444,0.304,0.084,0.056,,,-0.336,0
2007,8,0.563,0.349,0.300,0.148,0.148,-0.004,-0.076,0.136,0.425,0.304,0.049,0.072,,,-0.334,0
2007,9,0.488,0.322,0.260,0.116,0.110,-0.040,-0.103,0.109,0.425,0.300,0.062,0.063,,,-0.389,0
2007,10,0.664,0.343,0.268,0.128,0.123,-0.021,-0.094,0.124,0.437,0.289,0.075,0.073,,,-0.394,0
2007,11,0.574,0.200,0.128,-0.015,-0.016,-0.159,-0.240,-0.020,0.440,0.287,0.072,0.081,,,-0.578,0
2007,12,0.593,0.139,0.061,-0.072,-0.074,-0.208,-0.306,-0.084,0.445,0.269,0.078,0.098,9.860,3.880,-0.647,0
2008,1,0.496,0.122,0.036,-0.130,-0.114,-0.264,-0.361,-0.120,0.483,0.300,0.086,0.097,,,-1.176,0
2008,2,0.452,0.139,0.031,-0.116,-0.114,-0.258,-0.345,-0.103,0.484,0.289,0.108,0.087,,,-0.659,0
2008,3,0.594,0.196,0.136,-0.022,-0.011,-0.158,-0.252,-0.028,0.448,0.294,0.060,0.094,,,-0.570,0
2008,4,0.561,0.322,0.224,0.081,0.077,-0.069,-0.125,0.099,0.447,0.293,0.098,0.056,,,-0.662,0
2008,5,0.709,0.392,0.305,0.155,0.155,0.004,-0.068,0.162,0.460,0.301,0.087,0.072,,,-0.447,0
2008,6,0.596,0.318,0.236,0.087,0.080,-0.075,-0.132,0.093,0.450,0.311,0.082,0.057,,,-0.299,0
2008,7,0.501,0.316,0.237,0.089,0.080,-0.076,-0.133,0.091,0.449,0.313,0.079,0.057,,,-0.344,0
2008,8,0.517,0.314,0.254,0.103,0.099,-0.057,-0.121,0.096,0.435,0.311,0.060,0.064,,,-0.290,0
2008,9,0.647,0.362,0.311,0.165,0.161,0.012,-0.048,0.157,0.410,0.299,0.051,0.060,,,-0.369,0
2008,10,0.698,0.275,0.202,0.065,0.059,-0.084,-0.153,0.061,0.428,0.286,0.073,0.069,,,-0.715,0
2008,11,0.651,0.189,0.126,-0.032,-0.020,-0.166,-0.227,-0.019,0.416,0.292,0.063,0.061,,,-0.651,0
2008,12,0.513,0.077,-0.001,-0.139,-0.139,-0.277,-0.346,-0.135,0.423,0.276,0.078,0.069,,,-0.781,0
2009,1,0.304,0.041,-0.005,-0.176,-0.159,-0.313,-0.403,-0.181,0.444,0.308,0.046,0.090,,,-0.940,0
2009,2,0.541,0.092,-0.007,-0.140,-0.155,-0.304,-0.370,-0.139,0.462,0.297,0.099,0.066,,,-0.854,0
2009,3,0.480,0.161,0.097,-0.043,-0.046,-0.189,-0.252,-0.046,0.413,0.286,0.064,0.063,,,-0.506,0
2009,4,0.565,0.227,0.149,0.013,0.006,-0.136,-0.197,0.015,0.424,0.285,0.078,0.061,10.010,3.830,-0.394,0
2009,5,0.491,0.277,0.203,0.055,0.052,-0.098,-0.146,0.065,0.423,0.301,0.074,0.048,,,-0.456,0
2009,6,0.733,0.448,0.374,0.232,0.226,0.078,0.018,0.233,0.430,0.296,0.074,0.060,9.900,3.870,-0.240,0
2009,7,0.525,0.411,0.330,0.182,0.176,0.023,-0.040,0.185,0.451,0.307,0.081,0.063,,,-0.252,0
2009,8,0.474,0.330,0.257,0.116,0.108,-0.041,-0.096,0.117,0.426,0.298,0.073,0.055,,,-0.227,0
2009,9,0.700,0.389,0.324,0.190,0.184,0.044,-0.021,0.184,0.410,0.280,0.065,0.065,9.910,3.910,-0.222,0
2009,10,0.698,0.398,0.316,0.174,0.172,0.029,-0.057,0.170,0.455,0.287,0.082,0.086,,,-0.388,0
2009,11,0.703,0.373,0.290,0.157,0.153,0.016,-0.049,0.162,0.422,0.274,0.083,0.065,9.940,3.920,-0.413,0
2009,12,0.816,0.196,0.103,-0.034,-0.045,-0.192,-0.263,-0.034,0.459,0.295,0.093,0.071,,,-0.723,0
2010,1,0.877,0.097,0.025,-0.120,-0.125,-0.275,-0.344,-0.123,0.441,0.300,0.072,0.069,,,-0.784,0
2010,2,0.396,0.104,0.028,-0.137,-0.131,-0.290,-0.350,-0.123,0.454,0.318,0.076,0.060,,,-0.995,0
2010,3,0.817,0.345,0.279,0.129,0.128,-0.023,-0.088,0.128,0.433,0.302,0.066,0.065,,,-0.351,0
2010,4,0.648,0.293,0.227,0.076,0.075,-0.077,-0.143,0.075,0.436,0.304,0.066,0.066,,,-0.439,0
2010,5,0.591,0.339,0.245,0.092,0.089,-0.067,-0.130,0.104,0.469,0.312,0.094,0.063,,,-0.616,0
2010,6,0.547,0.371,0.293,0.148,0.141,-0.011,-0.068,0.151,0.439,0.304,0.078,0.057,9.970,3.980,-0.258,0
2010,7,0.590,0.325,0.260,0.113,0.108,-0.043,-0.119,0.103,0.444,0.303,0.065,0.076,9.960,4.000,-0.336,0
2010,8,0.657,0.419,0.359,0.214,0.209,0.060,-0.012,0.204,0.431,0.299,0.060,0.072,9.970,3.970,-0.270,0
2010,9,0.707,0.418,0.327,0.198,0.183,0.040,-0.043,0.187,0.461,0.287,0.091,0.083,,,-0.342,0
2010,10,1.059,0.359,0.268,0.114,0.112,-0.044,-0.124,0.117,0.483,0.312,0.091,0.080,,,-0.540,0
2010,11,0.634,0.319,0.236,0.101,0.097,-0.041,-0.113,0.103,0.432,0.277,0.083,0.072,9.970,3.880,-0.522,0
2010,12,0.773,0.128,0.051,-0.092,-0.094,-0.238,-0.319,-0.096,0.447,0.289,0.077,0.081,,,-0.621,0
2011,1,0.425,0.114,0.067,-0.082,-0.083,-0.232,-0.299,-0.093,0.413,0.299,0.047,0.067,,,-0.717,0
2011,2,0.486,0.135,0.078,-0.083,-0.081,-0.239,-0.316,-0.091,0.451,0.317,0.057,0.077,,,-0.754,0
2011,3,0.932,0.276,0.203,0.070,0.067,-0.068,-0.145,0.065,0.421,0.271,0.073,0.077,9.980,3.940,-0.402,0
2011,4,0.996,0.327,0.263,0.122,0.121,-0.021,-0.096,0.115,0.423,0.284,0.064,0.075,,,-0.523,0
2011,5,0.782,0.470,0.392,0.250,0.242,0.093,0.042,0.256,0.428,0.299,0.078,0.051,10.010,3.980,-0.338,0
2011,6,0.801,0.423,0.343,0.194,0.186,0.029,-0.029,0.197,0.452,0.314,0.080,0.058,9.980,3.870,-0.358,0
2011,7,0.680,0.411,0.338,0.184,0.176,0.014,-0.051,0.180,0.462,0.324,0.073,0.065,,,-0.239,0
2011,8,0.642,0.396,0.346,0.193,0.189,0.032,-0.029,0.183,0.425,0.314,0.050,0.061,,,-0.329,0
2011,9,0.691,0.495,0.451,0.294,0.298,0.146,0.081,0.288,0.414,0.305,0.044,0.065,,,-0.373,0
2011,10,0.838,0.427,0.333,0.187,0.182,0.032,-0.050,0.188,0.477,0.301,0.094,0.082,9.920,3.930,-0.395,0
2011,11,0.647,0.307,0.232,0.080,0.081,-0.070,-0.148,0.079,0.455,0.302,0.075,0.078,,,-0.544,0
2011,12,0.726,0.252,0.161,0.018,0.007,-0.147,-0.216,0.018,0.468,0.308,0.091,0.069,,,-0.476,0
2012,1,0.498,0.166,0.069,-0.076,-0.079,-0.227,-0.313,-0.074,0.479,0.296,0.097,0.086,,,-0.759,0
2012,2,0.388,0.143,0.081,-0.075,-0.067,-0.215,-0.295,-0.076,0.438,0.296,0.062,0.080,,,-0.853,0
2012,3,0.585,0.266,0.192,0.048,0.039,-0.113,-0.180,0.043,0.446,0.305,0.074,0.067,,,-0.519,0
2012,4,0.653,0.288,0.206,0.059,0.055,-0.096,-0.153,0.067,0.441,0.302,0.082,0.057,,,-0.504,0
2012,5,0.577,0.366,0.302,0.155,0.150,-0.001,-0.049,0.158,0.415,0.303,0.064,0.048,9.910,3.860,-0.203,0
2012,6,0.829,0.472,0.390,0.239,0.234,0.079,0.006,0.239,0.466,0.311,0.082,0.073,,,-0.312,0
2012,7,0.561,0.391,0.321,0.170,0.163,0.006,-0.067,0.162,0.458,0.315,0.070,0.073,9.860,3.840,-0.235,0
2012,8,0.580,0.409,0.351,0.203,0.199,0.047,-0.008,0.200,0.417,0.304,0.058,0.055,9.950,3.820,-0.210,0
2012,9,0.832,0.357,0.294,0.139,0.138,-0.018,-0.084,0.136,0.441,0.312,0.063,0.066,,,-0.341,0
2012,10,0.933,0.381,0.306,0.170,0.161,0.016,-0.045,0.168,0.426,0.290,0.075,0.061,,,-0.365,0
2012,11,0.586,0.306,0.242,0.110,0.104,-0.033,-0.099,0.103,0.405,0.275,0.064,0.066,9.860,3.860,-0.353,0
2012,12,0.981,0.328,0.226,0.091,0.077,-0.072,-0.135,0.096,0.463,0.298,0.102,0.063,,,-0.386,0
2013,1,0.586,0.165,0.118,-0.032,-0.032,-0.182,-0.255,-0.045,0.420,0.300,0.047,0.073,,,-0.582,0
2013,2,0.634,0.142,0.093,-0.061,-0.050,-0.193,-0.257,-0.058,0.399,0.286,0.049,0.064,,,-0.691,0
2013,3,0.699,0.291,0.214,0.066,0.067,-0.080,-0.150,0.071,0.441,0.294,0.077,0.070,,,-0.459,0
2013,4,0.671,0.295,0.232,0.084,0.081,-0.069,-0.116,0.089,0.411,0.301,0.063,0.047,,,-0.472,0
2013,5,0.527,0.276,0.208,0.062,0.056,-0.096,-0.145,0.065,0.421,0.304,0.068,0.049,9.910,3.790,-0.661,0
2013,6,0.545,0.348,0.274,0.125,0.116,-0.041,-0.098,0.125,0.446,0.315,0.074,0.057,,,-0.337,0
2013,7,0.582,0.369,0.305,0.156,0.151,-0.004,-0.064,0.153,0.433,0.309,0.064,0.060,9.990,3.870,-0.272,0
2013,8,0.615,0.393,0.343,0.192,0.189,0.036,-0.027,0.183,0.420,0.307,0.050,0.063,,,-0.292,0
2013,9,0.557,0.381,0.321,0.180,0.176,0.031,-0.036,0.173,0.416,0.290,0.059,0.067,9.870,3.820,-0.276,0
2013,10,0.711,0.431,0.369,0.214,0.218,0.067,0.020,0.225,0.411,0.302,0.061,0.047,,,-0.354,0
2013,11,0.507,0.193,0.115,-0.040,-0.032,-0.178,-0.259,-0.033,0.452,0.293,0.078,0.081,,,-0.734,0
2013,12,0.464,0.196,0.121,-0.017,-0.022,-0.165,-0.225,-0.014,0.421,0.286,0.075,0.060,9.960,3.870,-0.473,0
2014,1,0.537,0.151,0.072,-0.087,-0.078,-0.227,-0.323,-0.086,0.474,0.299,0.079,0.096,,,-0.770,0
2014,2,0.367,0.126,0.056,-0.080,-0.085,-0.226,-0.305,-0.090,0.431,0.282,0.070,0.079,10.020,3.890,-0.601,0
2014,3,0.468,0.186,0.122,-0.020,-0.024,-0.169,-0.236,-0.025,0.422,0.291,0.064,0.067,9.960,3.900,-0.659,0
2014,4,0.865,0.353,0.258,0.113,0.110,-0.038,-0.098,0.128,0.451,0.296,0.095,0.060,9.950,3.850,-0.753,0
2014,5,0.848,0.379,0.301,0.157,0.147,-0.007,-0.058,0.160,0.437,0.308,0.078,0.051,,,-0.233,0
2014,6,0.625,0.421,0.351,0.206,0.198,0.044,-0.002,0.210,0.423,0.307,0.070,0.046,9.940,3.830,-0.233,0
2014,7,0.495,0.365,0.300,0.151,0.146,-0.007,-0.065,0.150,0.430,0.307,0.065,0.058,,,-0.418,0
2014,8,0.707,0.425,0.374,0.228,0.223,0.072,0.010,0.218,0.416,0.303,0.051,0.062,9.880,3.810,-0.145,0
2014,9,0.660,0.414,0.361,0.217,0.211,0.062,-0.007,0.203,0.421,0.299,0.053,0.069,9.830,3.830,-0.204,0
2014,10,1.012,0.409,0.350,0.213,0.209,0.067,-0.003,0.203,0.412,0.283,0.058,0.071,9.870,3.770,-0.374,0
2014,11,0.423,0.217,0.136,0.000,-0.004,-0.144,-0.223,-0.003,0.439,0.280,0.080,0.079,9.970,3.890,-0.605,0
2014,12,0.620,0.241,0.186,0.037,0.037,-0.112,-0.177,0.032,0.418,0.298,0.055,0.065,,,-0.618,0
2015,1,0.438,0.114,0.040,-0.124,-0.109,-0.258,-0.338,-0.112,0.452,0.298,0.074,0.080,,,-0.847,0
2015,2,0.660,0.114,0.026,-0.124,-0.133,-0.292,-0.379,-0.133,0.493,0.318,0.088,0.087,,,-1.021,0
2015,3,0.404,0.098,0.030,-0.109,-0.115,-0.259,-0.318,-0.110,0.416,0.289,0.068,0.059,10.110,3.960,-0.563,0
2015,4,0.639,0.238,0.166,0.029,0.024,-0.118,-0.181,0.028,0.419,0.284,0.072,0.063,9.990,3.850,-0.553,0
2015,5,0.499,0.257,0.186,0.042,0.037,-0.113,-0.152,0.053,0.408,0.299,0.070,0.039,10.030,3.890,-0.508,0
2015,6,0.676,0.389,0.312,0.163,0.160,0.008,-0.059,0.165,0.448,0.304,0.077,0.067,9.950,3.860,-0.247,0
2015,7,0.643,0.422,0.357,0.212,0.206,0.055,0.003,0.213,0.420,0.302,0.065,0.052,9.930,3.810,-0.159,0
2015,8,0.736,0.399,0.342,0.189,0.183,0.024,-0.026,0.187,0.425,0.318,0.057,0.050,,,-0.217,0
2015,9,0.693,0.434,0.384,0.239,0.234,0.084,0.032,0.233,0.402,0.300,0.050,0.052,9.820,3.760,-0.184,0
2015,10,0.807,0.412,0.339,0.199,0.195,0.050,-0.014,0.199,0.427,0.289,0.073,0.065,9.860,3.860,-0.393,0
2015,11,0.731,0.278,0.218,0.070,0.070,-0.078,-0.142,0.068,0.420,0.296,0.060,0.064,,,-0.466,0
2015,12,0.596,0.297,0.222,0.080,0.077,-0.067,-0.124,0.087,0.421,0.289,0.075,0.057,,,-0.406,0
2016,1,0.826,0.208,0.148,-0.022,-0.005,-0.158,-0.244,-0.018,0.452,0.306,0.060,0.086,,,-0.840,0
2016,2,0.859,0.218,0.138,0.002,-0.008,-0.154,-0.236,-0.009,0.454,0.292,0.080,0.082,,,-0.675,0
2016,3,0.521,0.262,0.193,0.054,0.050,-0.092,-0.154,0.054,0.416,0.285,0.069,0.062,9.960,3.830,-0.445,0
2016,4,0.637,0.321,0.254,0.104,0.108,-0.038,-0.118,0.101,0.439,0.292,0.067,0.080,,,-0.821,0
2016,5,0.743,0.337,0.273,0.126,0.119,-0.035,-0.078,0.129,0.415,0.308,0.064,0.043,9.970,3.890,-0.433,0
2016,6,0.550,0.361,0.286,0.139,0.133,-0.019,-0.082,0.139,0.443,0.305,0.075,0.063,9.960,3.910,-0.281,0
2016,7,0.548,0.363,0.301,0.151,0.144,-0.012,-0.070,0.147,0.433,0.313,0.062,0.058,10.030,3.990,-0.257,0
2016,8,0.606,0.367,0.310,0.161,0.155,0.001,-0.058,0.155,0.425,0.309,0.057,0.059,9.990,3.950,-0.255,0
2016,9,0.698,0.495,0.437,0.292,0.290,0.144,0.081,0.288,0.414,0.293,0.058,0.063,,,-0.152,0
2016,10,0.769,0.414,0.338,0.182,0.190,0.042,-0.041,0.186,0.455,0.296,0.076,0.083,,,-0.527,0
2016,11,0.517,0.258,0.176,0.039,0.036,-0.104,-0.170,0.044,0.428,0.280,0.082,0.066,9.920,3.890,-0.645,0
2016,12,0.477,0.163,0.100,-0.039,-0.040,-0.180,-0.254,-0.046,0.417,0.280,0.063,0.074,,,-0.560,0
2017,1,0.551,0.191,0.118,-0.015,-0.025,-0.167,-0.223,-0.016,0.414,0.285,0.073,0.056,,,-0.604,0
2017,2,0.422,0.179,0.121,-0.015,-0.021,-0.162,-0.218,-0.020,0.397,0.283,0.058,0.056,10.010,3.930,-0.620,0
2017,3,0.470,0.066,0.008,-0.125,-0.129,-0.266,-0.317,-0.126,0.383,0.274,0.058,0.051,10.080,3.860,-0.717,0
2017,4,0.686,0.371,0.310,0.163,0.159,0.008,-0.045,0.163,0.416,0.302,0.061,0.053,9.910,3.780,-0.252,0
2017,5,0.715,0.446,0.369,0.227,0.221,0.073,0.013,0.229,0.433,0.296,0.077,0.060,9.920,3.800,-0.210,0
2017,6,0.673,0.391,0.336,0.188,0.182,0.028,-0.016,0.188,0.407,0.308,0.055,0.044,9.980,3.900,-0.242,0
2017,7,0.664,0.412,0.345,0.197,0.191,0.038,-0.028,0.192,0.440,0.307,0.067,0.066,10.090,3.950,-0.174,0
2017,8,0.726,0.441,0.382,0.242,0.231,0.081,0.022,0.231,0.419,0.301,0.059,0.059,,,-0.149,0
2017,9,0.725,0.445,0.393,0.249,0.246,0.099,0.043,0.244,0.402,0.294,0.052,0.056,,,-0.205,0
2017,10,0.860,0.424,0.355,0.206,0.205,0.055,-0.024,0.200,0.448,0.300,0.069,0.079,,,-0.350,0
2017,11,0.747,0.337,0.255,0.121,0.109,-0.037,-0.093,0.122,0.430,0.292,0.082,0.056,,,-0.454,0
2017,12,0.523,0.171,0.106,-0.047,-0.046,-0.198,-0.286,-0.058,0.457,0.304,0.065,0.088,,,-0.674,0
2018,1,0.413,0.044,-0.040,-0.195,-0.192,-0.343,-0.437,-0.197,0.481,0.303,0.084,0.094,,,-1.105,0
